Cost item,Value,Unit
Annualized capital cost,17004153.0090463,EUR/year
Fixed O&M cost,4238186.629909387,EUR/year
Grid purchase cost,297671.3051762866,EUR/year
Grid sale revenue,203582.18999365624,EUR/year
Grid export wheeling cost,162263.58189397672,EUR/year
Grid export capacity cost,30000.0,EUR/year
Gas purchase cost,1800889.32321699,EUR/year
Carbon external cost,460817.96672865085,EUR/year
Demand response cost,243165.59565848537,EUR/year
Renewable curtailment cost,409767.45563627745,EUR/year
Unserved-energy cost,0.0,EUR/year
Storage degradation cost,285149.77764821134,EUR/year
P2X variable O&M cost,0.0,EUR/year
Grid demand charge,59707.17653927691,EUR/year
Grid fluctuation cost,43236.25350280505,EUR/year
Device smoothing cost,153577.62559945352,EUR/year
Variable operating annual cost,3281845.904878107,EUR/year
Private total annual cost,24524185.543833796,EUR/year
Social total annual cost,24985003.510562446,EUR/year
Objective annual cost,24985003.510562446,EUR/year
