Scenario,Scenario name,Module label,Grid import emissions [tCO2/year],CHP gas emissions [tCO2/year],Gas boiler emissions [tCO2/year],Operational CO2 emissions [tCO2/year],Green-direct avoided emissions proxy [tCO2/year],Endogenous P2X avoided emissions [tCO2/year],Carbon-management credit proxy [tCO2/year],Accounting net CO2 after green-direct credit [tCO2/year],Carbon allowance [tCO2/year],Carbon allowance gap [tCO2/year],Industrial-park local renewable coverage [%],Industrial-park heat substituted by H2 [%],Endogenous P2X electricity [MWh/year],Endogenous H2 heat supply [MWh/year],Endogenous green hydrogen production [tH2/year],Electrolyzer capacity [MW],Electrolyzer full-load hours [h/year],Residual CO2 after carbon-management credits [tCO2/year],CO2 reduction vs S0 [tCO2/year],CO2 reduction vs S0 [%],Net-zero proximity [%]
S0,S0 县域基准系统,基准系统,12235.582551175408,16285.133570944115,0.0,28520.71612211952,0.0,0.0,0.0,28520.71612211952,,,249.6977117011997,0.0,0.0,0.0,0.0,0.0,0.0,28520.71612211952,0.0,0.0,0.0
S1,S1 低碳约束,低碳约束,7711.580451544869,15104.992446150685,0.0,22816.572897695554,0.0,0.0,0.0,22816.572897695554,,,255.7784175116103,0.0,0.0,0.0,0.0,0.0,0.0,22816.572897695554,5704.143224423966,20.000000000000217,20.000000000000217
S2,S2 低碳约束+储能,储能协同,1628.5004729402817,9937.472919840375,0.0,11565.973392780657,0.0,0.0,0.0,11565.973392780657,,,270.45557070479526,0.0,0.0,0.0,0.0,0.0,0.0,11565.973392780657,16954.74272933886,59.44711435975987,59.447114359759865
S3,S3 低碳约束+柔性负荷,柔性负荷,7395.982021450362,13002.788818021501,0.0,20398.770839471865,0.0,0.0,0.0,20398.770839471865,,,258.9120206798862,0.0,0.0,0.0,0.0,0.0,0.0,20398.770839471865,8121.945282647655,28.477353962191017,28.47735396219102
S4,S4 低碳源荷储协同,源荷储协同,1771.9418836115813,8468.457377025105,0.0,10240.399260636686,0.0,0.0,0.0,10240.399260636686,,,272.0991851272619,0.0,0.0,0.0,0.0,0.0,0.0,10240.399260636686,18280.316861482832,64.09487329564405,64.09487329564405
S5,S5 偏远低空微电网韧性增强,低空韧性,1771.9418836116106,8468.457377025054,0.0,10240.399260636666,0.0,0.0,0.0,10240.399260636666,,,272.09918512726193,0.0,0.0,0.0,0.0,0.0,0.0,10240.399260636666,18280.316861482854,64.09487329564413,64.09487329564413
S6,S6 县域产业园区净零协同增强,园区净零,1771.9418836115553,8468.457377025017,0.0,10240.399260636574,75438.65988027785,0.0,75438.65988027785,0.0,,,272.09918512726205,0.0,0.0,0.0,0.0,0.0,0.0,0.0,18280.31686148295,64.09487329564446,64.09487329564445
S7,S7 低空经济—产业园区—绿电直连综合增强,绿电直连,1771.941883611563,8468.45737702501,0.0,10240.399260636572,80467.90387229637,0.0,80467.90387229637,0.0,,,272.09918512726205,0.0,0.0,0.0,0.0,0.0,0.0,0.0,18280.31686148295,64.09487329564446,64.09487329564446
S8,S8 投稿导向零碳园区深度脱碳,P2X深度脱碳,767.5212631907763,8693.029720103781,0.0,9460.550983294559,90526.39185633343,1849.35479821554,92375.74665454897,0.0,9500.0,-39.449016705440954,279.0287550464053,9.999999999999984,14186.810599190478,8322.096591969928,283.73621198380954,3.041506694539966,4664.402226915454,0.0,19060.16513882496,66.82919551253015,66.82919551253015
