Scenario,Module label,Annual CO2 emissions [tCO2/year],Social total annual cost [million CNY/year],Incremental CO2 reduction [tCO2/year],Incremental cost change [million CNY/year],Incremental MAC [CNY/tCO2],Total CO2 reduction vs S0 [tCO2/year],Total cost change vs S0 [million CNY/year],Average abatement cost vs S0 [CNY/tCO2]
S0,基准系统,28520.71612211952,213.8287432173008,0.0,0.0,,0.0,0.0,
S1,低碳约束,22816.572897695554,212.8241005044984,5704.143224423966,-1.0046427128023936,-176.125085446789,5704.143224423966,-1.0046427128023936,-176.125085446789
S2,储能协同,11565.973392780657,201.43892406990068,11250.599504914897,-11.385176434597724,-1011.9617563156556,16954.74272933886,-12.389819147400118,-730.7583102373179
S3,柔性负荷,20398.770839471865,205.222416611464,-8832.797446691207,3.7834925415633336,-428.3458965744359,8121.945282647655,-8.606326605836784,-1059.6385848872928
S4,源荷储协同,10240.399260636686,194.88302738238707,10158.371578835178,-10.339389229076943,-1017.8195539350925,18280.316861482832,-18.945715834913727,-1036.3997505334773
S5,低空韧性,10240.399260636666,194.88302738238707,2.000888343900442e-11,0.0,,18280.316861482854,-18.945715834913727,-1036.3997505334762
S6,园区净零,10240.399260636574,194.8830273823871,9.276845958083868e-11,2.842170943040401e-14,,18280.31686148295,-18.9457158349137,-1036.3997505334692
S7,绿电直连,10240.399260636572,194.88302738238707,1.8189894035458565e-12,-2.842170943040401e-14,,18280.31686148295,-18.945715834913727,-1036.3997505334708
S8,P2X深度脱碳,9460.550983294559,195.9376088335597,779.8482773420128,1.0545814511726235,1352.2905439593897,19060.16513882496,-17.891134383741104,-938.6662840238158
