day_id,day_type,day_name,day_weight,case_scope,data_source_type,county_region_feature,hour,dt,residential_load,commercial_load,industrial_load,cold_storage_load,agro_processing_load,irrigation_load,industrial_park_process_electric_load,industrial_park_flexible_electric_load,industrial_park_critical_electric_load,industrial_park_process_heat_load,low_altitude_agri_uav_load,low_altitude_patrol_uav_load,low_altitude_emergency_load,low_altitude_forest_fire_load,low_altitude_remote_comm_load,low_altitude_electric_load,low_altitude_critical_load,electric_load,heat_load,cooling_load,critical_electric_share,critical_heat_share,critical_cooling_share,critical_electric_load,critical_heat_load,critical_cooling_load,grid_import_availability,shiftable_load_base,shift_in_capacity,interruptible_load_base,pv_cf,wt_cf,electricity_buy_price,electricity_sell_price,electricity_price,gas_price,carbon_price,t_global
0,spring_irrigation,春季灌溉日,55.0,县级区域特征化县域综合能源系统（非实测线路潮流）,特征化合成数据,春灌集中用电与农村负荷抬升,0.0,1.0,9.800225850143258,5.233196364276454,10.568973117559912,4.503062487565456,1.7288659394611219,0.0,16.80090154458649,2.4591785285504186,13.361216247415033,6.846904187684901,0.3500000000864639,0.18000007778333918,0.10000721175353074,0.0,0.1846446609406726,0.8148341605958511,0.5139189729504164,32.66340050469865,22.055226141345223,5.771579148116132,0.68,0.75,0.45,22.170944086940324,16.541419606008915,2.5972106166522595,1.0,1.4891253718310447,3.5929740555168515,0.31706919352679735,0.0,0.43938197343675595,52.0,7.8,52.0,41.0,45.0,0.0
0,spring_irrigation,春季灌溉日,55.0,县级区域特征化县域综合能源系统（非实测线路潮流）,特征化合成数据,春灌集中用电与农村负荷抬升,1.0,1.0,9.83585145641362,5.248996543118046,10.633187483064974,4.5071204969234175,1.7337120290608987,0.0,16.874020009049293,2.4686808338074098,13.418282525068667,6.984748116486943,0.35000004708585053,0.1800023830810334,0.10003057420178106,0.0,0.17669872981077805,0.8182007208079823,0.5063929947386131,32.84142884589362,22.543251112507527,5.743119839276065,0.68,0.75,0.45,22.282188119796846,16.907438334380643,2.584403927674229,1.0,1.4928360477108975,3.6125571730482977,0.31899562449194924,0.0,0.5132550034564508,52.0,7.8,52.0,41.0,45.0,1.0
0,spring_irrigation,春季灌溉日,55.0,县级区域特征化县域综合能源系统（非实测线路潮流）,特征化合成数据,春灌集中用电与农村负荷抬升,2.0,1.0,9.95023332540903,5.288718411888175,10.740021304450194,4.515552595153539,1.743443365666653,0.0,16.999017265270385,2.4851595641083235,13.515871072583185,7.187414576959361,0.35000943302909054,0.1800468135167239,0.10011598836770236,0.0,0.17170370868554657,0.7899325079637567,0.5017589838040898,33.144575605972705,23.25839486973957,5.760212024119746,0.68,0.75,0.45,22.50291629045018,17.443796152304678,2.592095410853886,1.0,1.5023073573553731,3.6459033166569976,0.3222006391335058,0.0,0.5456939843377508,52.0,7.8,52.0,41.0,45.0,2.0
0,spring_irrigation,春季灌溉日,55.0,县级区域特征化县域综合能源系统（非实测线路潮流）,特征化合成数据,春灌集中用电与农村负荷抬升,3.0,1.0,10.190236906415008,5.378451444172439,10.90376344154715,4.531911853237057,1.7616790123664805,0.0,17.19735430715069,2.5117651292889542,13.670788567094512,7.5250645981270425,0.35069521229793643,0.18058963595055189,0.10039374840127292,0.0,0.16999999999999998,0.7704524019750535,0.5010104430308097,33.91322636383167,24.447890813007536,5.8201503777594965,0.68,0.75,0.45,23.03809673709331,18.335918109755653,2.6190676699917734,1.0,1.521149397692501,3.7304549000214835,0.3271129032464145,0.0,0.5373509098105753,52.0,7.8,52.0,41.0,45.0,3.0
0,spring_irrigation,春季灌溉日,55.0,县级区域特征化县域综合能源系统（非实测线路潮流）,特征化合成数据,春灌集中用电与农村负荷抬升,4.0,1.0,10.687885732733138,5.560173602099747,11.134264504430655,4.56151170707277,1.793525416576284,0.0,17.48930162807971,2.5517594394515597,13.89896468147342,8.060119567846769,0.36884904000715174,0.18476186274073983,0.10119610203089346,0.0,0.17170370868554657,0.8092984129025174,0.5126254830000944,34.92605152063526,26.329871629632912,5.901322492763261,0.68,0.75,0.45,23.712017596258363,19.747403722224682,2.6555951217434672,1.0,1.557715832836214,3.8418656672698788,0.3340279351329197,0.0,0.504246619447997,52.0,7.8,52.0,41.0,45.0,4.0
0,spring_irrigation,春季灌溉日,55.0,县级区域特征化县域综合能源系统（非实测线路潮流）,特征化合成数据,春灌集中用电与农村负荷抬升,5.0,1.0,11.611671817017225,5.889003849058259,11.431144739656018,4.611383312205518,1.8452658514823517,0.0,17.88779390334389,2.607744852281833,14.210673958495732,8.749736571094505,0.538003764129434,0.20465755566972235,0.10325134241556064,0.0,0.17669872981077805,0.9925987660058803,0.5923516079083512,36.741018651417434,28.745278760183,5.983914612589233,0.68,0.75,0.45,24.90127712998821,21.558959070137252,2.692761575665155,1.0,1.6225621327192568,4.041512051655918,0.34293434218968055,0.0,0.458743676650827,52.0,7.8,52.0,41.0,45.0,5.0
0,spring_irrigation,春季灌溉日,55.0,县级区域特征化县域综合能源系统（非实测线路潮流）,特征化合成数据,春灌集中用电与农村负荷抬升,6.0,1.0,12.874488228218155,6.41816390702862,11.779352908350564,4.6894693965312575,1.9232848674778156,0.0,18.392107172359637,2.680749511222813,14.605604054114348,9.320057887677834,1.0398415852200065,0.2618659705891781,0.10790864805221334,0.0,0.1846446609406726,1.5527598482957097,0.8197809453800579,39.43401666807558,30.709675213604733,6.104344019236079,0.68,0.75,0.45,26.57903558283037,23.03225641020355,2.7469548086562354,1.0,1.7134969858140343,4.337741833488313,0.3533805872505169,0.0011060989834273775,0.44238249028775734,52.0,7.8,52.0,41.0,45.0,6.0
0,spring_irrigation,春季灌溉日,55.0,县级区域特征化县域综合能源系统（非实测线路潮流）,特征化合成数据,春灌集中用电与农村负荷抬升,7.0,1.0,13.893374905863718,7.170060210492144,12.149262642904743,4.802771233561842,2.0321096105102945,8.5,18.98414348697688,2.769474453501965,15.069927041896296,9.562789960984965,1.2811887396414174,0.35427584207169344,0.11721420006985696,0.0,0.195,1.9193536604095702,0.9871519283875527,50.69385192655573,31.474244758600577,6.365695717428242,0.68,0.75,0.45,34.15381074936695,23.605683568950433,2.8645630728427087,1.0,4.182949490422578,5.57632371192113,1.0444778792871423,0.10573910620068956,0.45522536110380785,88.0,13.2,88.0,41.0,45.0,7.0
0,spring_irrigation,春季灌溉日,55.0,县级区域特征化县域综合能源系统（非实测线路潮流）,特征化合成数据,春灌集中用电与农村负荷抬升,8.0,1.0,14.032475082815562,8.102855139861996,12.503325061083856,4.95451345430169,2.1718418466392184,8.5,19.629680362024764,2.870016635364995,15.5772012479251,9.257498367606381,0.812414643161973,0.4178774111665697,0.13352868346558616,0.0,0.20705904774487396,1.5687335939463067,0.8937412233999471,52.1476358027415,30.250734853097093,6.944590027368503,0.68,0.75,0.45,35.287394725380686,22.688051139822818,3.1250655123158264,1.0,4.23929789917394,5.736239938301565,1.0550997518325158,0.28502568081668,0.47286635457201265,90.64,13.596,90.64,41.0,45.0,8.0
0,spring_irrigation,春季灌溉日,55.0,县级区域特征化县域综合能源系统（非实测线路潮流）,特征化合成数据,春灌集中用电与农村负荷抬升,9.0,1.0,13.36097555473296,9.094155795212528,12.807913992790407,5.14096670648026,2.3357603896906465,8.5,20.284641088961315,2.976190972033238,16.09315176252681,8.667570311095831,0.43447553658645727,0.38819956323346444,0.15843744412450295,0.0,0.22,1.2067657707388684,0.7753998317807377,52.69427937780092,27.98520037297533,7.731595171976355,0.68,0.75,0.45,35.78690908458294,20.9889002797315,3.47921782738936,1.0,4.26397311098059,5.796370731558101,1.0642374197837123,0.4950981184217319,0.4362204709165154,90.64,13.596,90.64,41.0,45.0,9.0
0,spring_irrigation,春季灌溉日,55.0,县级区域特征化县域综合能源系统（非实测线路潮流）,特征化合成数据,春灌集中用电与农村负荷抬升,10.0,1.0,12.541965635788236,9.965301861921935,13.044843247787504,5.349142923597687,2.5092318638689,8.5,20.903218035254092,3.080257926033242,16.581887589553872,7.991817527079632,0.3556772217697184,0.2969797587686923,0.1911404109966581,0.0,0.23294095225512604,1.0869788500634965,0.7256931332968481,52.88312934173186,25.400801277483623,8.92914295267061,0.68,0.75,0.45,35.94707546763134,19.050600958112717,4.018114328701775,1.0,4.285472643679531,5.8171442275905045,1.0713452974336253,0.6869857838714765,0.39958455334898924,90.64,13.596,90.64,41.0,45.0,10.0
0,spring_irrigation,春季灌溉日,55.0,县级区域特征化县域综合能源系统（非实测线路潮流）,特征化合成数据,春灌集中用电与农村负荷抬升,11.0,1.0,12.041697361012574,10.551471760801707,13.2151717944272,5.55677544278461,2.670964196758464,8.5,21.442911433970274,3.173652318319356,17.009755102114074,7.475316240482761,0.35014036563891043,0.22314427820839497,0.2271966900143889,0.0,0.245,1.0694503485086637,0.7159771437324451,53.44043068165294,23.392859463012385,10.366885721305167,0.68,0.75,0.45,36.328243770270554,17.54464459725929,4.665098574587325,1.0,4.320090615700467,5.878447374981824,1.076455153832816,0.7851029403007249,0.3323213875076898,72.10000000000001,10.815000000000001,72.10000000000001,41.0,45.0,11.0
0,spring_irrigation,春季灌溉日,55.0,县级区域特征化县域综合能源系统（非实测线路潮流）,特征化合成数据,春灌集中用电与农村负荷抬升,12.0,1.0,11.852345670946532,10.788731421297669,13.33111791738027,5.735495663618433,2.7969178662134566,0.0,21.86353144721216,3.247445300103911,17.344579109942153,7.175776354698955,0.3500018425823887,0.19540945508670923,0.2588494424652272,0.0,0.2553553390593274,1.0994317330785295,0.734839333789598,45.58014150551774,22.191041020325205,11.82968498251917,0.68,0.75,0.45,30.98172197904826,16.643280765243905,5.323358242133627,1.0,1.9791686971061955,5.013815565606951,0.3999335375214081,0.8500837625814036,0.2759595988705078,72.10000000000001,10.815000000000001,72.10000000000001,41.0,45.0,12.0
0,spring_irrigation,春季灌溉日,55.0,县级区域特征化县域综合能源系统（非实测线路潮流）,特征化合成数据,春灌集中用电与农村负荷抬升,13.0,1.0,11.819678560682954,10.761476624226027,13.399725748880876,5.856926528266881,2.8660506289992798,0.0,22.122702906147037,3.292745003333585,17.552299351316083,7.041973701539546,0.35003405977431595,0.2029744745328078,0.27751728101390494,0.0,0.26330127018922195,1.1127784541421748,0.7644958126862513,45.98180533025727,21.63403737877973,13.180182099166984,0.68,0.75,0.45,31.27543408844452,16.225528034084796,5.931081944625143,1.0,2.007268924846059,5.057998586328299,0.40199177246642626,0.8872568273248906,0.26230836869551133,72.10000000000001,10.815000000000001,72.10000000000001,41.0,45.0,13.0
0,spring_irrigation,春季灌溉日,55.0,县级区域特征化县域综合能源系统（非实测线路潮流）,特征化合成数据,春灌集中用电与农村负荷抬升,14.0,1.0,11.935634434978466,10.661056631885277,13.409356678259373,5.9,2.8660506289992798,6.5,22.175407307258652,3.301653939770966,17.596854661921792,6.971889396969284,0.3510232810008619,0.2397828442300811,0.27751728101390494,0.0,0.26829629131445343,1.150662572375068,0.7953531689726036,52.57908667710942,21.37142958481933,14.035437460108769,0.68,0.75,0.45,35.76668156019197,16.028572188614497,6.315946857048946,1.0,3.8387700713550523,5.783699534482037,0.9222807003477812,0.736496619488036,0.3062182241525012,72.10000000000001,10.815000000000001,72.10000000000001,41.0,45.0,14.0
0,spring_irrigation,春季灌溉日,55.0,县级区域特征化县域综合能源系统（非实测线路潮流）,特征化合成数据,春灌集中用电与农村负荷抬升,15.0,1.0,12.400705348465907,10.660052029499035,13.330400209987722,5.856926528266881,2.7969178662134566,6.5,21.98424460446806,3.269216730853526,17.44844984177363,7.0542733754433185,0.3653535614068165,0.301314403630918,0.2588494424652272,0.0,0.27,1.1972613227380458,0.8282583272527329,52.68068765006756,21.722407275941233,14.328958230417626,0.68,0.75,0.45,35.836988229836805,16.291805456955924,6.448031203687932,1.0,3.842464670584955,5.794875641507431,0.9199120062996317,0.571924084080974,0.34205469825254586,72.10000000000001,10.815000000000001,72.10000000000001,41.0,45.0,15.0
0,spring_irrigation,春季灌溉日,55.0,县级区域特征化县域综合能源系统（非实测线路潮流）,特征化合成数据,春灌集中用电与农村负荷抬升,16.0,1.0,13.51613169168137,10.779197843407024,13.132496851816786,5.735495663618433,2.670964196758464,6.5,21.538956712193684,3.1959009649561945,17.09896803679504,7.235903152530605,0.465034990751121,0.36119136073684854,0.2271966900143889,0.0,0.26829629131445343,1.3204777571839668,0.8749546970403671,53.63521584416447,22.48674980008788,14.115648495621679,0.68,0.75,0.45,36.44897659618711,16.86506235006591,6.352041823029755,1.0,3.856593677532176,5.899873742858092,0.9139749055545036,0.3900980760031535,0.3695789085519358,135.96,20.394000000000002,135.96,41.0,45.0,16.0
0,spring_irrigation,春季灌溉日,55.0,县级区域特征化县域综合能源系统（非实测线路潮流）,特征化合成数据,春灌集中用电与农村负荷抬升,17.0,1.0,15.368992521990018,10.853052514428446,12.807931543768166,5.55677544278461,2.5092318638689,6.5,20.873938850421677,3.0892023750045676,16.575660426919544,7.542433925685563,0.780385274150886,0.3787692427280859,0.1911404109966581,0.0,0.26330127018922195,1.6061453993931472,0.9604358924392233,55.298769117815674,23.736536267022824,13.396673122092963,0.68,0.75,0.45,37.47142002096654,17.802402200267117,6.028502904941834,1.0,3.892276557230331,6.082864602959724,0.904237946313045,0.18443777576561532,0.38235017351197487,135.96,20.394000000000002,135.96,41.0,45.0,17.0
0,spring_irrigation,春季灌溉日,55.0,县级区域特征化县域综合能源系统（非实测线路潮流）,特征化合成数据,春灌集中用电与农村负荷抬升,18.0,1.0,17.4501425769116,10.638959926224084,12.385036890093131,5.349142923597687,2.3357603896906465,6.5,20.069940203381464,2.9629174387907016,15.942339169143917,7.829837098208438,1.154065548570751,0.34014748071260315,0.15843744412450295,0.0,0.2553553390593274,1.9086481749875355,1.0272074503169988,56.79100133316668,24.933817122058237,12.490417131957612,0.68,0.75,0.45,38.34720759787883,18.70036284154368,5.620687709380926,1.0,3.932616196149061,6.247010146648335,0.8915511067027939,0.02920056472334831,0.3564838968648121,132.0,19.8,132.0,41.0,45.0,18.0
0,spring_irrigation,春季灌溉日,55.0,县级区域特征化县域综合能源系统（非实测线路潮流）,特征化合成数据,春灌集中用电与农村负荷抬升,19.0,1.0,18.706608596724895,9.995299302248357,11.921931069490492,5.14096670648026,2.1718418466392184,0.0,19.234739622609972,2.833810941765934,15.284063731355845,8.042452002999319,1.1001223671969056,0.27476534528040114,0.13352868346558616,0.0,0.245,1.7414625945214066,0.9303043853342252,49.928236366567326,25.85801119316371,11.15363660046287,0.68,0.75,0.45,33.69731055032545,19.393508394872782,5.0191364702082915,1.0,2.113206623514891,5.492106000322406,0.35765793208471475,0.0,0.32930167567274915,132.0,19.8,132.0,41.0,45.0,19.0
0,spring_irrigation,春季灌溉日,55.0,县级区域特征化县域综合能源系统（非实测线路潮流）,特征化合成数据,春灌集中用电与农村负荷抬升,20.0,1.0,18.286845325911493,8.988769722824829,11.484632387796797,4.95451345430169,2.0321096105102945,0.0,18.47125545260878,2.7170324226221845,14.682013752748368,8.114409798795341,0.6994454469311087,0.22118484928684853,0.11721420006985696,0.0,0.23294095225512607,1.2850087343954903,0.726421985631923,47.21890408205123,26.25810354485483,9.579854564741943,0.68,0.75,0.45,31.96147082203783,19.69357765864112,4.310934554133874,1.0,2.0376855560609615,5.194079449025636,0.3445389716339039,0.0,0.33183003397616573,132.0,19.8,132.0,41.0,45.0,20.0
0,spring_irrigation,春季灌溉日,55.0,县级区域特征化县域综合能源系统（非实测线路潮流）,特征化合成数据,春灌集中用电与农村负荷抬升,21.0,1.0,16.318516340837903,7.850903958749104,11.123375447485845,4.802771233561842,1.9232848674778156,0.0,17.8494315485255,2.6224265465845527,14.191381214486169,8.002149652625342,0.43128927810765755,0.19314570572330614,0.10790864805221334,0.0,0.22,0.9541711603352143,0.5922710245909865,43.09409340789273,25.970488134979952,8.111657568458371,0.68,0.75,0.45,29.2474181529301,19.477866101234966,3.6502459058062673,1.0,1.895795234010396,4.7403502748682005,0.33370126342457535,0.0,0.3809758765885489,132.0,19.8,132.0,41.0,45.0,21.0
0,spring_irrigation,春季灌溉日,55.0,县级区域特征化县域综合能源系统（非实测线路潮流）,特征化合成数据,春灌集中用电与农村负荷抬升,22.0,1.0,13.801949343766792,6.83426048875156,10.859873471001105,4.6894693965312575,1.8452658514823517,0.0,17.394608719014716,2.553247795221876,13.832236401465037,7.75623020074231,0.3594426470575059,0.18308168911423775,0.10325134241556064,0.0,0.20705904774487396,0.8552613657160506,0.5435944123817283,39.087962209722036,25.17473141340352,6.898535524836576,0.68,0.75,0.45,26.5418309863058,18.88104856005264,3.1043409861764593,1.0,1.7381765157522264,4.299675843069424,0.32579620413003313,0.0,0.4210455599894514,62.0,9.299999999999999,62.0,41.0,45.0,22.0
0,spring_irrigation,春季灌溉日,55.0,县级区域特征化县域综合能源系统（非实测线路潮流）,特征化合成数据,春灌集中用电与农村负荷抬升,23.0,1.0,11.74984496085514,6.08829964275534,10.689111891213214,4.611383312205518,1.793525416576284,0.0,17.094020619995018,2.507318014789361,13.594635223577978,7.495373830918781,0.3505477228474833,0.18053058166192898,0.10119610203089346,0.0,0.195,0.8319193942867211,0.5253896019877735,35.93777589256418,24.298673539137884,6.146598566362653,0.68,0.75,0.45,24.397372020816448,18.224005154353414,2.7659693548631936,1.0,1.6141319013785118,3.9531553481820603,0.3206733567363964,0.0,0.45122989278345316,62.0,9.299999999999999,62.0,41.0,45.0,23.0
1,spring_pv_high,春秋光伏大发日,65.0,县级区域特征化县域综合能源系统（非实测线路潮流）,特征化合成数据,春秋低负荷与分布式光伏大发,0.0,1.0,9.500218936363362,5.067937531720355,9.723455268155119,4.052756238808911,1.353025517839139,0.0,15.12923702480317,2.1939763690888285,12.043843847380836,5.953337309899139,0.0,0.2016000871173399,0.10000721175353074,0.0,0.19941623381592644,0.5050551467827175,0.4205719736854457,30.476290267649553,19.23418649136922,5.161860703054736,0.58,0.7,0.4,17.80388834378821,13.463930543958453,2.0647442812218944,1.0,1.336524870831612,3.352391929441451,0.29170365804465354,0.0,0.40046726603800525,52.0,7.8,52.0,40.5,45.0,24.0
1,spring_pv_high,春秋光伏大发日,65.0,县级区域特征化县域综合能源系统（非实测线路潮流）,特征化合成数据,春秋低负荷与分布式光伏大发,1.0,1.0,9.534753962849939,5.083238757545898,9.782532484419777,4.0564084472310755,1.356818109699834,0.0,15.195759041350687,2.20255740276593,12.095795641450032,6.052589806708034,0.0,0.2016026690507574,0.10003057420178106,0.0,0.19083462819564032,0.5024443083118963,0.4124422819029914,30.652966580647583,19.58517811136992,5.247520988438256,0.58,0.7,0.4,17.899745199857687,13.709624677958944,2.0990083953753027,1.0,1.3398874157221519,3.3718263238712343,0.2934759745325933,0.0,0.45996851873870526,52.0,7.8,52.0,40.5,45.0,25.0
1,spring_pv_high,春秋光伏大发日,65.0,县级区域特征化县域综合能源系统（非实测线路潮流）,特征化合成数据,春秋低负荷与分布式光伏大发,2.0,1.0,9.645634346059774,5.1217062515127605,9.880819600094178,4.063997335638185,1.3644339383478155,0.0,15.309250874080178,2.2173933388626943,12.184469432332724,6.254647894680788,0.0,0.2016524311387308,0.10011598836770236,0.0,0.18544000538039032,0.4780251389919719,0.4074290964394145,30.917182330920763,20.29974999616831,5.28788153838774,0.58,0.7,0.4,18.062140267758114,14.209824997317815,2.1151526153550964,1.0,1.3486031068139392,3.400890056401284,0.29642458800282534,0.0,0.49219240412809995,52.0,7.8,52.0,40.5,45.0,26.0
1,spring_pv_high,春秋光伏大发日,65.0,县级区域特征化县域综合能源系统（非实测线路潮流）,特征化合成数据,春秋低负荷与分布式光伏大发,3.0,1.0,9.87829087866761,5.20860560909331,10.031462366223378,4.078720667913352,1.3787053140259415,0.0,15.488888348162671,2.2412603732569156,12.324908246158397,6.534198852245502,0.0,0.20226039226461814,0.10039374840127292,0.0,0.18359999999999999,0.48961751905621853,0.4063566481463783,31.483305793062094,21.284765151027727,5.182053440301898,0.58,0.7,0.4,18.382695847069787,14.899335605719408,2.0728213761207592,1.0,1.3660036030030671,3.46316363723683,0.30094387098670133,0.0,0.468673922648544,52.0,7.8,52.0,40.5,45.0,27.0
1,spring_pv_high,春秋光伏大发日,65.0,县级区域特征化县域综合能源系统（非实测线路潮流）,特征化合成数据,春秋低负荷与分布式光伏大发,4.0,1.0,10.360705557241307,5.384589172559755,10.243523344076204,4.1053605363654935,1.4036285868857876,0.0,15.752512467327485,2.2769859869498066,12.531170852211531,6.99963932561373,0.0,0.20693328626962862,0.10119610203089346,0.0,0.18544000538039032,0.4784483751521437,0.41209779732791496,32.393675024777394,22.9234190609466,5.162899639157301,0.58,0.7,0.4,18.922929254110556,16.04639334266262,2.0651598556629205,1.0,1.3999508470823547,3.5633042527255134,0.3073057003222861,0.0,0.4263014854268592,52.0,7.8,52.0,40.5,45.0,28.0
1,spring_pv_high,春秋光伏大发日,65.0,县级区域特征化县域综合能源系统（非实测线路潮流）,特征化合成数据,春秋低负荷与分布式光伏大发,5.0,1.0,11.256212475679963,5.703035306456419,10.516653160483537,4.150244980984967,1.4441211011601014,0.0,16.111019242628604,2.326749118090541,12.811967341659503,7.603231508993018,0.0,0.22921646235008905,0.10325134241556064,0.0,0.19083462819564032,0.526823520910186,0.43467062860492517,34.07495502660292,25.04025040109072,5.294195345801235,0.58,0.7,0.4,19.892586901906714,17.528175280763502,2.117678138320494,1.0,1.4603867667964447,3.7482450529263214,0.3154995948145061,0.0,0.39297754300127063,52.0,7.8,52.0,40.5,45.0,29.0
1,spring_pv_high,春秋光伏大发日,65.0,县级区域特征化县域综合能源系统（非实测线路潮流）,特征化合成数据,春秋低负荷与分布式光伏大发,6.0,1.0,12.480371241640048,6.2154850468066645,10.83700467568252,4.220522456878132,1.5051794615043776,0.0,16.562706594065027,2.391274084850929,13.16624217223071,8.11376341998844,0.0,0.2932898870598795,0.10790864805221334,0.0,0.19941623381592644,0.5854698400171443,0.49186612631403775,36.32465516703529,26.804247572740714,5.357354915115196,0.58,0.7,0.4,21.22059361598456,18.7629733009185,2.1429419660460787,1.0,1.544890005069222,3.995712068373882,0.3251101402704756,0.014735549148792467,0.3950683475896845,52.0,7.8,52.0,40.5,45.0,30.0
1,spring_pv_high,春秋光伏大发日,65.0,县级区域特征化县域综合能源系统（非实测线路潮流）,特征化合成数据,春秋低负荷与分布式光伏大发,7.0,1.0,13.468067510786257,6.943637256476603,11.177321631472363,4.322494110205658,1.590346651703709,0.0,17.09016239338173,2.469203798988518,13.580705396551979,8.323336878334565,0.0,0.39678894312029667,0.11721420006985696,0.0,0.2106,0.7286717396603051,0.5833150402470789,38.71392336982922,27.468839115040872,5.6602698649800125,0.58,0.7,0.4,22.614760985745047,19.22818738052861,2.2641079459920053,1.0,1.6265172940099706,4.258531570681214,0.3353196489441709,0.15469583956881938,0.41443387760655637,88.0,13.2,88.0,40.5,45.0,31.0
1,spring_pv_high,春秋光伏大发日,65.0,县级区域特征化县域综合能源系统（非实测线路潮流）,特征化合成数据,春秋低负荷与分布式光伏大发,8.0,1.0,13.602909519055903,7.8469755038663545,11.503059056197149,4.459062108871521,1.6997023147611279,0.0,17.6618234798298,2.5569327755879794,14.030965144091295,8.078321998571642,0.0,0.4680227005065581,0.13352868346558616,0.0,0.2236237715644639,0.8065785806276103,0.6602342884598589,40.35227580006286,26.484466475731846,6.27304718531994,0.58,0.7,0.4,23.596738675732304,18.53912653301229,2.509218874127976,1.0,1.6745953122096595,4.438750338006915,0.34509177168591443,0.3716269504423413,0.4564464815480762,88.0,13.2,88.0,40.5,45.0,32.0
1,spring_pv_high,春秋光伏大发日,65.0,县级区域特征化县域综合能源系统（非实测线路潮流）,特征化合成数据,春秋低负荷与分布式光伏大发,9.0,1.0,12.951966098975827,8.806971927995292,11.783280873367175,4.626870035832234,1.8279863919318105,0.0,18.238137301131218,2.6489873174788614,14.486217514233022,7.563016338713915,0.0,0.4347835108214802,0.15843744412450295,0.0,0.2376,0.8118386680886683,0.6726621572870888,41.019604898105925,24.51367566178432,7.201952148086841,0.58,0.7,0.4,23.993166570697095,17.159572963249023,2.8807808592347364,1.0,1.6907994988451172,4.512156538791651,0.35349842620101524,0.6076641414835553,0.45874023831389515,88.0,13.2,88.0,40.5,45.0,33.0
1,spring_pv_high,春秋光伏大发日,65.0,县级区域特征化县域综合能源系统（非实测线路潮流）,特征化合成数据,春秋低负荷与分布式光伏大发,10.0,1.0,12.158027912243698,9.650608118913876,12.001255787964505,4.814228631237918,1.9637466760713134,0.0,18.779231095273737,2.7387361169142546,14.91511374424827,6.978974467587754,0.0,0.33261732982093545,0.1911404109966581,0.0,0.2515762284355361,0.72770290450976,0.6438559177854064,41.4654739624259,22.287006340699584,8.357156991268054,0.58,0.7,0.4,24.271763131376762,15.600904438489708,3.3428627965072217,1.0,1.7034074000684267,4.561202135866849,0.36003767363893513,0.8211728149466303,0.4232450336135745,88.0,13.2,88.0,40.5,45.0,34.0
1,spring_pv_high,春秋光伏大发日,65.0,县级区域特征化县域综合能源系统（非实测线路潮流）,特征化合成数据,春秋低负荷与分布式光伏大发,11.0,1.0,11.673073972410148,10.21826738940797,12.157958050873024,5.001097898506149,2.090319806158798,0.0,19.249375755537972,2.819022945190805,15.289181732830583,6.512920665913247,0.0,0.24992159159340238,0.2271966900143889,0.0,0.2646,0.6946959217448023,0.6307921351283317,41.87927148966197,20.487768817586325,9.64793561410269,0.58,0.7,0.4,24.517845964520284,14.341438172310426,3.8591742456410767,1.0,1.7291843882612772,4.606719863862817,0.3647387415261907,0.9383169142928178,0.3780240839127669,70.0,10.5,70.0,40.5,45.0,35.0
1,spring_pv_high,春秋光伏大发日,65.0,县级区域特征化县域综合能源系统（非实测线路潮流）,特征化合成数据,春秋低负荷与分布式光伏大发,12.0,1.0,11.48951876265225,10.448034639572482,12.26462848398985,5.16194609725659,2.188892243123575,0.0,19.615466824370014,2.8824620090721544,15.581686276201724,6.2682580732148825,0.0,0.21885858969711436,0.2588494424652272,0.0,0.2757837661840736,0.6775105282578171,0.6481600888815544,42.57553399540962,19.50464922025754,10.958031671458565,0.58,0.7,0.4,24.949013699829596,13.653254454180278,4.383212668583426,1.0,1.7608577941099761,4.683308739495058,0.36793885451969544,0.96,0.33141384680416314,70.0,10.5,70.0,40.5,45.0,36.0
1,spring_pv_high,春秋光伏大发日,65.0,县级区域特征化县域综合能源系统（非实测线路潮流）,特征化合成数据,春秋低负荷与分布式光伏大发,13.0,1.0,11.45785166596817,10.4216405203031,12.327747688970407,5.271233875440194,2.242996144434219,0.0,19.84197770884482,2.921610972031212,15.763861554268122,6.12163723739617,0.0,0.22733141147674477,0.27751728101390494,0.0,0.2843653718043597,0.7481770462986769,0.6790446441603775,42.80184296917775,18.914997219152838,12.17664848532181,0.58,0.7,0.4,25.070170879430236,13.240498053406986,4.870659394128724,1.0,1.7844766126712637,4.708202726609552,0.3698324306691122,0.96,0.3380556405273597,70.0,10.5,70.0,40.5,45.0,37.0
1,spring_pv_high,春秋光伏大发日,65.0,县级区域特征化县域综合能源系统（非实测线路潮流）,特征化合成数据,春秋低负荷与分布式光伏大发,14.0,1.0,11.57025787064239,10.324391685615216,12.336608143998623,5.3100000000000005,2.242996144434219,0.0,19.889604288432842,2.929652129055363,15.804111576311564,6.101002980271628,0.0,0.26855678553769086,0.27751728101390494,0.0,0.2897599946196097,0.8017545270080045,0.7130272976775274,42.92097402656667,18.830227408119526,12.862271233725679,0.58,0.7,0.4,25.14217460742155,13.181159185683669,5.144908493490272,1.0,1.7952313272736007,4.721307142922334,0.3700982443199587,0.8769083724228535,0.3710148192297858,70.0,10.5,70.0,40.5,45.0,38.0
1,spring_pv_high,春秋光伏大发日,65.0,县级区域特征化县域综合能源系统（非实测线路潮流）,特征化合成数据,春秋低负荷与分布式光伏大发,15.0,1.0,12.021091919431237,10.323418807514855,12.263968193188704,5.271233875440194,2.188892243123575,0.0,19.724094311752474,2.9020545742490658,15.67515873861473,6.1147521964061,0.0,0.3374721320666282,0.2588494424652272,0.0,0.2916,0.8543621256305522,0.7462149906653441,43.28948903430691,18.925188866459425,12.859820718217241,0.58,0.7,0.4,25.35858859769763,13.247632206521597,5.143928287286897,1.0,1.8017265392415724,4.76184379377376,0.3679190457956611,0.7091407173584013,0.3860965089970434,70.0,10.5,70.0,40.5,45.0,39.0
1,spring_pv_high,春秋光伏大发日,65.0,县级区域特征化县域综合能源系统（非实测线路潮流）,特征化合成数据,春秋低负荷与分布式光伏大发,16.0,1.0,13.102372558262552,10.438802122036277,12.081897103671443,5.16194609725659,2.090319806158798,0.0,19.334163007086833,2.838848307301695,15.368183644938728,6.248565884867591,0.0,0.4045343240252704,0.2271966900143889,0.0,0.2897599946196097,0.9033775747134624,0.7629230427192686,44.332783757540284,19.497687971351713,12.452762286428218,0.58,0.7,0.4,25.951978628758827,13.648381579946198,4.981104914571287,1.0,1.8211406231306038,4.876606213329431,0.3624569131101433,0.4965606692978078,0.36294873885710055,132.0,19.8,132.0,40.5,45.0,40.0
1,spring_pv_high,春秋光伏大发日,65.0,县级区域特征化县域综合能源系统（非实测线路潮流）,特征化合成数据,春秋低负荷与分布式光伏大发,17.0,1.0,14.898513159071957,10.510324540288602,11.783297020266714,5.001097898506149,1.9637466760713134,0.0,18.748141594844174,2.7462175328988017,14.905813475294671,6.505244091985224,0.0,0.42422155185545624,0.1911404109966581,0.0,0.2843653718043597,0.9029851389996785,0.7391285594099534,45.6333040049621,20.541720922899625,11.935243499327523,0.58,0.7,0.4,26.682713501668157,14.379204646029736,4.774097399731009,1.0,1.8633048594411001,5.019663440545831,0.3534989106080014,0.26788094864229783,0.3474805914164423,132.0,19.8,132.0,40.5,45.0,41.0
1,spring_pv_high,春秋光伏大发日,65.0,县级区域特征化县域综合能源系统（非实测线路潮流）,特征化合成数据,春秋低负荷与分布式光伏大发,18.0,1.0,16.915954538842875,10.302992770659113,11.394233938885682,4.814228631237918,1.8279863919318105,0.0,18.03644896205541,2.636026232514105,14.343889297386344,6.732887527478476,0.0,0.38096517839811556,0.15843744412450295,0.0,0.2757837661840736,0.7898764942247096,0.6712639024656034,46.38512517144568,21.49539888011327,11.017422374793268,0.58,0.7,0.4,27.116508135253767,15.046779216079289,4.4069689499173075,1.0,1.910704287189266,5.102363768859025,0.34182701816657046,0.07226769805724005,0.2855607491388133,132.0,19.8,132.0,40.5,45.0,42.0
1,spring_pv_high,春秋光伏大发日,65.0,县级区域特征化县域综合能源系统（非实测线路潮流）,特征化合成数据,春秋低负荷与分布式光伏大发,19.0,1.0,18.133957313151683,9.679658271651041,10.968176583931253,4.626870035832234,1.6997023147611279,0.0,17.294748934524616,2.5229523057690004,13.758071632910111,6.93115937284331,0.0,0.3077371867140493,0.13352868346558616,0.0,0.2646,0.6990686306383239,0.586961845818862,45.89114861157444,22.339511976141885,9.929549340488967,0.58,0.7,0.4,26.798368234761806,15.63765838329932,3.9718197361955867,1.0,1.9192458249605953,5.048026347273188,0.3290452975179376,0.0,0.25972613262118177,132.0,19.8,132.0,40.5,45.0,43.0
1,spring_pv_high,春秋光伏大发日,65.0,县级区域特征化县域综合能源系统（非实测线路潮流）,特征化合成数据,春秋低负荷与分布式光伏大发,20.0,1.0,17.727043938383588,8.704913836840888,10.565861796773053,4.459062108871521,1.590346651703709,0.0,16.615270557348282,2.420410858584456,13.221215204339162,6.982004001447209,0.0,0.24772703120127038,0.11721420006985696,0.0,0.2515762284355362,0.6424031789900188,0.5178991189175198,43.62756002583644,22.63934512653864,8.723444528548361,0.58,0.7,0.4,25.449290090088443,15.847541588577046,3.4893778114193448,1.0,1.852926698805497,4.799031602842009,0.31697585390319155,0.0,0.30392846056826733,132.0,19.8,132.0,40.5,45.0,44.0
1,spring_pv_high,春秋光伏大发日,65.0,县级区域特征化县域综合能源系统（非实测线路潮流）,特征化合成数据,春秋低负荷与分布式光伏大发,21.0,1.0,15.818969922240825,7.602980675841238,10.233505411686977,4.322494110205658,1.5051794615043776,0.0,16.06117898339701,2.3372090707704185,12.78320836817586,6.881166900704349,0.0,0.2163231904101029,0.10790864805221334,0.0,0.2376,0.5945340690388649,0.474264016534064,39.929234427106444,22.372982388632526,7.425324176970541,0.58,0.7,0.4,23.28839022421326,15.661087672042767,2.9701296707882165,1.0,1.7208126366537333,4.3922157869817084,0.3070051623506093,0.0,0.37441603541364504,132.0,19.8,132.0,40.5,45.0,45.0
1,spring_pv_high,春秋光伏大发日,65.0,县级区域特征化县域综合能源系统（非实测线路潮流）,特征化合成数据,春秋低负荷与分布式光伏大发,22.0,1.0,13.379440690386176,6.618441736475195,9.991083593321017,4.220522456878132,1.4441211011601014,0.0,15.65572715135925,2.276330715691808,12.462461708540859,6.6982076630595735,0.0,0.2050514918079463,0.10325134241556064,0.0,0.2236237715644639,0.5721627056786599,0.44890483542580767,36.03225371561009,21.78794310107323,6.401859733746005,0.58,0.7,0.4,21.015757621186037,15.251560170751258,2.5607438934984024,1.0,1.5719563704950112,3.9635479087171097,0.2997325077996305,0.0,0.42457796540669523,62.0,9.299999999999999,62.0,40.5,45.0,46.0
1,spring_pv_high,春秋光伏大发日,65.0,县级区域特征化县域综合能源系统（非实测线路潮流）,特征化合成数据,春秋低负荷与分布式光伏大发,23.0,1.0,11.390155829400392,5.8960375487735925,9.833982939916158,4.150244980984967,1.4036285868857876,0.0,15.387856507786912,2.2359203384821065,12.250329959339442,6.448699283385897,0.0,0.20219425146136047,0.10119610203089346,0.0,0.2106,0.5714110685540136,0.4326824678507565,33.06189836584373,20.942951925955924,5.696768898629961,0.58,0.7,0.4,19.277165100278793,14.660066348169146,2.2787075594519846,1.0,1.4543455551365838,3.6368088202428104,0.29501948819748475,0.0,0.4644628192629464,62.0,9.299999999999999,62.0,40.5,45.0,47.0
2,summer_commercial,夏季商业制冷日,75.0,县级区域特征化县域综合能源系统（非实测线路潮流）,特征化合成数据,夏季商业制冷与冷链负荷,0.0,1.0,10.800248896076246,7.161216077430938,10.88604231108671,5.628828109456821,1.5033616864879322,0.0,18.018232107031462,2.650253708059978,14.41432559105181,3.8787547940724307,0.0,0.18000007778333918,0.11800850986916626,0.2800019379993123,0.1846446609406726,0.745638018139668,0.6456217885236415,36.501145460979004,11.278012291957348,16.622882003046946,0.62,0.55,0.68,22.81403640308403,6.202906760576542,11.303559762071924,1.0,1.6450921439900572,4.01512600070769,0.3265812693326013,0.0,0.4229164355664788,52.0,7.8,52.0,40.0,45.0,48.0
2,summer_commercial,夏季商业制冷日,75.0,县级区域特征化县域综合能源系统（非实测线路潮流）,特征化合成数据,夏季商业制冷与冷链负荷,1.0,1.0,10.839509768292562,7.182837374793116,10.952183107556923,5.633900621154272,1.50757567744426,0.0,18.093659406155453,2.6600307337523366,14.47331184584694,3.954044721748726,0.0,0.1800023830810334,0.11803607755810165,0.2800187138536637,0.17669872981077805,0.7434709004037444,0.6381138380548682,36.62237385249154,11.542746607558634,16.61891159281523,0.62,0.55,0.68,22.883033668349302,6.3485106341572495,11.300859883114358,1.0,1.6490090289182477,4.028461123774069,0.3285654932267077,0.0,0.47455874114171953,52.0,7.8,52.0,40.0,45.0,49.0
2,summer_commercial,夏季商业制冷日,75.0,县级区域特征化县域综合能源系统（非实测线路潮流）,特征化合成数据,夏季商业制冷与冷链负荷,2.0,1.0,10.965563256573219,7.237193616268031,11.0622219435837,5.644440743941924,1.5160377092753505,0.0,18.222700396800974,2.676994263180167,14.574299306463594,4.041774446627702,0.0,0.1800468135167239,0.11813686627388878,0.2801440469751946,0.17170370868554657,0.7519507425279472,0.6335969122883913,37.130936379387315,11.84761571229566,16.677364827388214,0.62,0.55,0.68,23.1885680071412,6.516188641762613,11.340608082623985,1.0,1.659117495562065,4.084403001732604,0.33186665830751094,0.0,0.4980124987284847,52.0,7.8,52.0,40.0,45.0,50.0
2,summer_commercial,夏季商业制冷日,75.0,县级区域特征化县域综合能源系统（非实测线路潮流）,特征化合成数据,夏季商业制冷与冷链负荷,3.0,1.0,11.230056998906337,7.359986186762286,11.230876344793565,5.664889816546321,1.5318947933621572,0.0,18.42766095470204,2.70440218289324,14.734853042389569,4.208020925546881,0.0,0.18058963595055189,0.11846462311350205,0.28088386497110035,0.16999999999999998,0.7614819172568182,0.6332821911929735,37.680014236907404,12.42531670506424,16.740735006517614,0.62,0.55,0.68,23.522772229376336,6.833924187785333,11.383699804431979,1.0,1.6792948217096582,4.144801566059814,0.33692629034380694,0.0,0.4769991967387714,52.0,7.8,52.0,40.0,45.0,51.0
2,summer_commercial,夏季商业制冷日,75.0,县级区域特征化县域综合能源系统（非实测线路潮流）,特征化合成数据,夏季商业制冷与冷链负荷,4.0,1.0,11.778486317705907,7.608658613399654,11.468292439563575,5.701889633840963,1.5595873187619862,0.0,18.729769392166524,2.7456444369666393,14.971796057471446,4.462867360333447,0.0,0.18476186274073983,0.11941140039645429,0.28432342781142006,0.17170370868554657,0.7780685888940437,0.641597001166303,38.74223970063487,13.30710882946076,17.062426723687178,0.62,0.55,0.68,24.179383090445615,7.318909856203418,11.602450172107282,1.0,1.7186154555413666,4.261646367069836,0.34404877318690724,0.0,0.43411431974907494,52.0,7.8,52.0,40.0,45.0,52.0
2,summer_commercial,夏季商业制冷日,75.0,县级区域特征化县域综合能源系统（非实测线路潮流）,特征化合成数据,夏季商业制冷与冷链负荷,5.0,1.0,12.796536288141432,8.058636846079724,11.774079081845699,5.764229140256898,1.6045790012890015,0.0,19.142887223391597,2.803458115351306,15.296315625388658,4.833247417617219,0.0,0.20465755566972235,0.12183658405036155,0.29686059796956804,0.17669872981077805,0.8339752501511879,0.673108516208503,40.69127535044281,14.58316023630231,17.259179241391994,0.62,0.55,0.68,25.384634578389306,8.020738129966272,11.736241884146557,1.0,1.788566018390998,4.476040288548709,0.35322237245537097,0.0,0.39063828716937116,52.0,7.8,52.0,40.0,45.0,53.0
2,summer_commercial,夏季商业制冷日,75.0,县级区域特征化县域综合能源系统（非实测线路潮流）,特征化合成数据,夏季商业制冷与冷链负荷,6.0,1.0,14.188211516811846,8.782750609618112,12.132733495601082,5.861836745664072,1.6724216238937528,0.0,19.66699186515891,2.8789913909482885,15.70885529704345,5.170787065967961,0.0,0.2618659705891781,0.12733220470161175,0.3324340609526043,0.1846446609406726,0.9491937785729668,0.7558865433472278,43.55562740566267,15.71715797862128,17.806974477055483,0.62,0.55,0.68,27.17187539214284,8.644436888241705,12.10874264439773,1.0,1.8866063610780537,4.791119014622893,0.36398200486803245,0.06965024977953228,0.40457862448145493,52.0,7.8,52.0,40.0,45.0,54.0
2,summer_commercial,夏季商业制冷日,75.0,县级区域特征化县域综合能源系统（非实测线路潮流）,特征化合成数据,夏季商业制冷与冷链负荷,7.0,1.0,15.311066222788588,9.811661340673462,12.513740522191886,6.003464041952302,1.7670518352263433,0.0,20.28425639937053,2.9710237939642363,16.19597400475162,5.260214296079282,0.0,0.35427584207169344,0.1383127560824312,0.4100965381623322,0.195,1.154816241841142,0.9063066273623559,46.69791296987316,15.9352422942227,18.72343123028801,0.62,0.55,0.68,29.143026598742207,8.764383261822486,12.731933236595848,1.0,1.9822997541523018,5.136770426686048,0.37541221566575655,0.23073395814257566,0.4199843152015259,88.0,13.2,88.0,40.0,45.0,55.0
2,summer_commercial,夏季商业制冷日,75.0,县级区域特征化县域综合能源系统（非实测线路潮流）,特征化合成数据,夏季商业制冷与冷链负荷,8.0,1.0,15.464360295347765,11.088117559811154,12.878424812916373,6.1931418178771125,1.8885581275123642,0.0,20.96012475830585,3.075659292820565,16.73103516925799,5.134177763880579,0.0,0.4178774111665697,0.15756384648939167,0.5378398393612314,0.20705904774487396,1.3732855161516329,1.0881916084717282,49.12584500825421,15.352806983922084,20.469448409872495,0.62,0.55,0.68,30.694778493575328,8.444043841157146,13.919224918713297,1.0,2.0408750534341014,5.403842950907963,0.3863527443874912,0.4327551237675295,0.43250370453048675,88.0,13.2,88.0,40.0,45.0,56.0
2,summer_commercial,夏季商业制冷日,75.0,县级区域特征化县域综合能源系统（非实测线路潮流）,特征化合成数据,夏季商业制冷与冷链负荷,9.0,1.0,14.724340407256731,12.444634246080303,13.19215141257412,6.426208383100325,2.031095991035345,0.0,21.649455786709787,3.1866167964947287,17.278806424819543,4.840486215431501,0.0,0.38819956323346444,0.18695618406691347,0.689418147850411,0.22,1.5235971679655933,1.2350056855964966,50.4905137280304,14.145686665703973,22.9020811758089,0.62,0.55,0.68,31.59449395283668,7.780127666137186,15.573415199550052,1.0,2.0641563125109212,5.553956510083344,0.3957645423772236,0.6325583860262333,0.42794778972106073,88.0,13.2,88.0,40.0,45.0,57.0
2,summer_commercial,夏季商业制冷日,75.0,县级区域特征化县域综合能源系统（非实测线路潮流）,特征化合成数据,夏季商业制冷与冷链负荷,10.0,1.0,13.821758047603364,13.63672886368265,13.43618854522113,6.686428654497108,2.181940751190348,0.0,22.30455795090859,3.295926748497892,17.801553048997047,4.499129559269111,0.0,0.2969797587686923,0.22554568497605654,0.8048811314800605,0.23294095225512604,1.607663757743535,1.3163198140169565,51.90024138806994,12.755235470339567,26.183198086401163,0.62,0.55,0.68,32.49771794481932,7.015379508686762,17.80457469875279,1.0,2.0839642810439574,5.709026552687693,0.4030856563566339,0.8043849057982508,0.3955988599348682,88.0,13.2,88.0,40.0,45.0,58.0
2,summer_commercial,夏季商业制冷日,75.0,县级区域特征化县域综合能源系统（非实测线路潮流）,特征化合成数据,夏季商业制冷与冷链负荷,11.0,1.0,13.270441989687328,14.438856093728655,13.611626948260016,6.945969303480762,2.3225775623986644,0.0,22.88017381413944,3.394636772145445,18.262858465563305,4.272638005434834,0.0,0.22314427820839497,0.2680920942169789,0.8341884025142168,0.245,1.604722687199562,1.3392940216782419,52.834311365378056,11.781773214016473,30.092496411338676,0.62,0.55,0.68,33.10163900214891,6.479975267709061,20.4628975597103,1.0,2.118780583462544,5.811774250191586,0.40834880844780047,0.8800107150326925,0.31514623602509156,70.0,10.5,70.0,40.0,45.0,59.0
2,summer_commercial,夏季商业制冷日,75.0,县级区域特征化县域综合能源系统（非实测线路潮流）,特征化合成数据,夏季商业制冷与冷链负荷,12.0,1.0,13.061768698594138,14.76352720809155,13.731051454901678,7.169369579523042,2.432102492359528,0.0,23.33252352678425,3.4732752472214448,18.626991767711985,4.136782466726404,0.0,0.19540945508670923,0.30544234210896803,0.7856996799290845,0.2553553390593274,1.5342066919656125,1.3221170265048505,53.241186423732195,11.162337327642305,34.320108588951605,0.62,0.55,0.68,33.38044446020013,6.139285530203268,23.337673840487092,1.0,2.1595877479304737,5.856530506610541,0.4119315436470503,0.9406488464906051,0.28303406768240985,70.0,10.5,70.0,40.0,45.0,60.0
2,summer_commercial,夏季商业制冷日,75.0,县级区域特征化县域综合能源系统（非实测线路潮流）,特征化合成数据,夏季商业制冷与冷链负荷,13.0,1.0,13.025768209732236,14.726231169993511,13.801717521347303,7.321158160333602,2.4922179382602434,0.0,23.61509361994115,3.522302517838978,18.85593260008517,4.098617799856381,0.0,0.2029744745328078,0.3274703915964078,0.718289676431383,0.26330127018922195,1.4996710689555925,1.2974879162561688,53.49539845732006,10.944021136224459,37.729455272105874,0.62,0.55,0.68,33.534838897042135,6.019211624923453,25.656029585031995,1.0,2.1897647696838263,5.884493830305206,0.4140515256404191,0.96,0.2629474715282926,75.60000000000001,11.340000000000002,75.60000000000001,40.0,45.0,61.0
2,summer_commercial,夏季商业制冷日,75.0,县级区域特征化县域综合能源系统（非实测线路潮流）,特征化合成数据,夏季商业制冷与冷链负荷,14.0,1.0,13.153556316098719,14.588814338369328,13.811637378607154,7.375,2.4922179382602434,0.0,23.678855316867395,3.533184431850112,18.909974070860954,4.0761429928538515,0.0,0.2397828442300811,0.3274703915964078,0.6814054052802366,0.26829629131445343,1.5008877527198536,1.2966474146347555,53.3020842277676,10.848370585596456,39.99844822658317,0.62,0.55,0.68,33.41338922916436,5.966603822078051,27.19894479407656,1.0,2.2032681106027865,5.863229265054436,0.4143491213582146,0.8519644689647408,0.2684382429153856,75.60000000000001,11.340000000000002,75.60000000000001,40.0,45.0,62.0
2,summer_commercial,夏季商业制冷日,75.0,县级区域特征化县域综合能源系统（非实测线路潮流）,特征化合成数据,夏季商业制冷与冷链负荷,15.0,1.0,13.666083445248145,14.58743961931447,13.730312216287354,7.321158160333602,2.432102492359528,0.0,23.48357286898048,3.500508483133627,18.756953341089893,4.105038081770315,0.0,0.301314403630918,0.30544234210896803,0.6728932366883424,0.27,1.5426285583285035,1.3142774416248049,53.461314256772994,11.005596358281828,40.50671784313291,0.62,0.55,0.68,33.50386257466039,6.053077997055006,27.544568133330383,1.0,2.209652109115172,5.88074456824503,0.4119093664886206,0.7213218078025159,0.2789641886808387,75.60000000000001,11.340000000000002,75.60000000000001,40.0,45.0,63.0
2,summer_commercial,夏季商业制冷日,75.0,县级区域特征化县域综合能源系统（非实测线路潮流）,特征化合成数据,夏季商业制冷与冷链负荷,16.0,1.0,14.89532880307743,14.750481259399088,13.52647175737129,7.169369579523042,2.3225775623986644,0.0,23.018418899292996,3.4246301989264083,18.388561654066457,4.200602258282617,0.0,0.36119136073684854,0.2680920942169789,0.6555983420918394,0.26829629131445343,1.5492438059782756,1.3062569048378694,54.49164043984278,11.460674038175048,39.64884373655151,0.62,0.55,0.68,34.130542817833856,6.303370720996277,26.96121374085503,1.0,2.2286325628639805,5.994080448382706,0.40579415272113867,0.5558479686160851,0.29460161325599216,142.56,21.384,142.56,40.0,45.0,64.0
2,summer_commercial,夏季商业制冷日,75.0,县级区域特征化县域综合能源系统（非实测线路潮流）,特征化合成数据,夏季商业制冷与冷链负荷,17.0,1.0,16.937257065050225,14.851545546059981,13.192169490081211,6.945969303480762,2.181940751190348,0.0,22.320079544752318,3.3133617786981593,17.834423144113853,4.331581996960155,0.0,0.3787692427280859,0.22554568497605654,0.6020202847344334,0.26330127018922195,1.4885758019210262,1.2299830350921401,55.748358328058586,12.082696848097967,37.9992671942829,0.62,0.55,0.68,34.87104820129743,6.6454832664538825,25.839501692112375,1.0,2.271930211606355,6.132319416086444,0.3957650847024363,0.3515181620987535,0.26893870270406345,142.56,21.384,142.56,40.0,45.0,65.0
2,summer_commercial,夏季商业制冷日,75.0,县级区域特征化县域综合能源系统（非实测线路潮流）,特征化合成数据,夏季商业制冷与冷链负荷,18.0,1.0,19.230769370474007,14.558576741148748,12.756587996795925,6.686428654497108,2.031095991035345,0.0,21.47411264232838,3.181188835452766,17.162856393913785,4.407825154698646,0.0,0.34014748071260315,0.18695618406691347,0.5173876303438241,0.2553553390593274,1.3377858724967713,1.0887308600576557,56.67698458835534,12.526119942687552,35.249012634623114,0.62,0.55,0.68,35.39903406388997,6.889365968478154,23.969328591543718,1.0,2.3203785155768815,6.234468304719087,0.38269763990387773,0.16655547217429803,0.2518723426325894,142.56,21.384,142.56,40.0,45.0,66.0
2,summer_commercial,夏季商业制冷日,75.0,县级区域特征化县域综合能源系统（非实测线路潮流）,特征化合成数据,夏季商业制冷与冷链负荷,19.0,1.0,20.6154462086356,13.677777992550384,12.279589001575207,6.426208383100325,1.8885581275123642,0.0,20.594355512187896,3.045750977199803,16.46438048250384,4.507243935319079,0.0,0.27476534528040114,0.15756384648939167,0.4281444477416163,0.245,1.1417332569380043,0.9308159841171072,56.22373285418153,13.047167148995811,31.918241551350754,0.62,0.55,0.68,35.081655734408095,7.175941931947697,21.704404254918515,1.0,2.3246028379880324,6.184610613959968,0.3683876700472562,0.03011213518019552,0.24869094965478372,142.56,21.384,142.56,40.0,45.0,67.0
2,summer_commercial,夏季商业制冷日,75.0,县级区域特征化县域综合能源系统（非实测线路潮流）,特征化合成数据,夏季商业制冷与冷链负荷,20.0,1.0,20.1528499510045,12.30042172597082,11.8291713594307,6.1931418178771125,1.7670518352263433,0.0,19.78936501253416,2.92301749409936,15.82513294509323,4.525809151253251,0.0,0.22118484928684853,0.1383127560824312,0.3578741719232368,0.23294095225512607,0.972485746360846,0.804797825752103,53.23149935755636,13.258173126722639,28.063885159083487,0.62,0.55,0.68,33.205386264693324,7.291995219697452,19.083441908176773,1.0,2.244269895682182,5.855464929331199,0.35487514078292104,0.0,0.27181613813941224,142.56,21.384,142.56,40.0,45.0,68.0
2,summer_commercial,夏季商业制冷日,75.0,县级区域特征化县域综合能源系统（非实测线路潮流）,特征化合成数据,夏季商业制冷与冷链负荷,21.0,1.0,17.983671069494836,10.74334225934088,11.457076710910421,6.003464041952302,1.6724216238937528,0.0,19.132962376756478,2.8234054901172905,15.303642479792611,4.462163283460954,0.0,0.19314570572330614,0.12733220470161175,0.31443033799936343,0.22,0.8824283243182703,0.7260667655372237,48.91928410126724,13.145893813585335,23.96142240122997,0.62,0.55,0.68,30.508917347245582,7.2302415974719345,16.29376723283638,1.0,2.090039460216931,5.381121251139396,0.3437123013273126,0.0,0.32588142871283776,142.56,21.384,142.56,40.0,45.0,69.0
2,summer_commercial,夏季商业制冷日,75.0,县级区域特征化县域综合能源系统（非实测线路潮流）,特征化合成数据,夏季商业制冷与冷链负荷,22.0,1.0,15.21031152170218,9.35214593197582,11.18566967513114,5.861836745664072,1.6045790012890015,0.0,18.652085422084212,2.7504183555188497,14.921298828801472,4.328675686426773,0.0,0.18308168911423775,0.12183658405036155,0.2927982824148416,0.20705904774487396,0.8240015789094679,0.6833947434355374,44.322875110855,12.753230451934382,20.686898085201374,0.62,0.55,0.68,27.65269633324177,7.01427674856391,14.067090697936935,1.0,1.917785307127949,4.87551626219405,0.33557009025393414,0.0,0.3832171898080335,62.0,9.299999999999999,62.0,40.0,45.0,70.0
2,summer_commercial,夏季商业制冷日,75.0,县级区域特征化县域综合能源系统（非实测线路潮流）,特征化合成数据,夏季商业制冷与冷链负荷,23.0,1.0,12.948808732370972,8.331357405875728,11.00978524794961,5.764229140256898,1.5595873187619862,0.0,18.333601706968494,2.701844685127832,14.667772423530257,4.184315111009335,0.0,0.18053058166192898,0.11941140039645429,0.28399924928051967,0.195,0.7837111038125568,0.6604910294086008,40.48607049226684,12.29446808004152,18.60606902137458,0.62,0.55,0.68,25.275953850250257,6.761957444022837,12.652126934534715,1.0,1.781984331934204,4.453467754149353,0.3302935574384883,0.0,0.41309201152692615,62.0,9.299999999999999,62.0,40.0,45.0,71.0
3,autumn_processing,秋季农产品加工日,60.0,县级区域特征化县域综合能源系统（非实测线路潮流）,特征化合成数据,粮食加工、仓储与冷链集中生产,0.0,1.0,10.000230459329856,5.508627751869952,11.625870429315905,5.1785218607002745,8.00707135563148,0.0,24.811463645647656,4.088794084682884,19.286799111123308,9.141040408980036,0.20000042915901994,0.20700008945084003,0.10000721175353074,0.0,0.1846446609406726,0.6966935493918662,0.48031913129306164,41.276003163962734,26.0195922003941,7.643677190766347,0.7,0.72,0.62,28.885835861492666,18.734106384283752,4.739079858275135,1.0,2.808034635345165,4.540360348035901,0.34877611287947713,0.0,0.41312301985253114,52.0,7.8,52.0,42.5,45.0,72.0
3,autumn_processing,秋季农产品加工日,60.0,县级区域特征化县域综合能源系统（非实测线路潮流）,特征化合成数据,粮食加工、仓储与冷链集中生产,1.0,1.0,10.036583118789409,5.525259519071628,11.696506231371472,5.18318857146193,8.025321177756105,0.0,24.905015980589507,4.102125349734067,19.359048279911406,9.254219169479768,0.20000690226780407,0.20700274054318837,0.10003057420178106,0.0,0.17669872981077805,0.6769204433601396,0.4727956442758054,41.34526433187841,26.41073668488112,7.6389827335823215,0.7,0.72,0.62,28.940636366238593,19.015730413114404,4.736169294821039,1.0,2.8144971174950446,4.547979076506626,0.3508951869411442,0.0,0.46925592195477245,52.0,7.8,52.0,42.5,45.0,73.0
3,autumn_processing,秋季农产品加工日,60.0,县级区域特征化县域综合能源系统（非实测线路潮流）,特征化合成数据,粮食加工、仓储与冷链集中生产,2.0,1.0,10.153299311641868,5.5670720125138695,11.814023434895214,5.1928854844265695,8.079817524807646,0.0,25.086726444129432,4.12996205484189,19.49828841368662,9.487664921266154,0.2000815312047496,0.20705383554423248,0.10011598836770236,0.0,0.17170370868554657,0.6733199957678683,0.46818913358482644,41.74627407792498,27.206667600166607,7.658709835912938,0.7,0.72,0.62,29.219256991094802,19.588800672119955,4.748400098266021,1.0,2.8329761014691717,4.592090148571748,0.3544207030468564,0.0,0.48464216134081134,52.0,7.8,52.0,42.5,45.0,74.0
3,autumn_processing,秋季农产品加工日,60.0,县级区域特征化县域综合能源系统（非实测线路潮流）,特征化合成数据,粮食加工、仓储与冷链集中生产,3.0,1.0,10.398200924913274,5.661527835970989,11.994139785701867,5.211698631222615,8.22149818566607,0.0,25.42733660259055,4.186132128750829,19.756968549378474,9.910537106897392,0.20070731750622073,0.20767808134313465,0.10039374840127292,0.0,0.16999999999999998,0.6554142332599573,0.4674765916285171,42.33288884374733,28.620469796356033,7.698437061509367,0.7,0.72,0.62,29.641708818969676,20.606738253376342,4.773030978135807,1.0,2.8763514831373196,4.656617772812206,0.359824193571056,0.0,0.4774244458831981,52.0,7.8,52.0,42.5,45.0,75.0
3,autumn_processing,秋季农产品加工日,60.0,县级区域特征化县域综合能源系统（非实测线路潮流）,特征化合成数据,粮食加工、仓储与冷链集中生产,4.0,1.0,10.906005849727691,5.852814317999734,12.247690954873722,5.245738463133685,8.541186555136457,0.0,26.034615973143865,4.29301688007893,20.21418834279472,10.576634007975171,0.20450674979563901,0.2124761421518508,0.10119610203089346,0.0,0.17170370868554657,0.6737913849627356,0.47450567701384255,43.651650936522046,30.784147682142546,7.694086497996297,0.7,0.72,0.62,30.55900736310536,22.164586331142633,4.7703336287577045,1.0,2.969783500791725,4.801681603017425,0.3674307286462116,0.0,0.4514519480701821,52.0,7.8,52.0,42.5,45.0,76.0
3,autumn_processing,秋季农产品加工日,60.0,县级区域特征化县域综合能源系统（非实测线路潮流）,特征化合成数据,粮食加工、仓储与冷链集中生产,5.0,1.0,11.848644711242066,6.198951420061325,12.574259213621621,5.3030908090363456,9.164452473978255,0.0,27.041802496636222,4.479646995536353,20.966986063660464,11.42194359040791,0.22108972818368647,0.23535618902018068,0.10325134241556064,0.0,0.17669872981077805,0.6907280275655772,0.5029207386726604,45.914141146593344,33.3860531441747,7.805524418283472,0.7,0.72,0.62,32.1593099219921,24.037958263805784,4.839425139335753,1.0,3.1471833976947314,5.050555526125268,0.37722777640864863,0.0,0.42858432036780086,52.0,7.8,52.0,42.5,45.0,77.0
3,autumn_processing,秋季农产品加工日,60.0,县级区域特征化县域综合能源系统（非实测线路潮流）,特征化合成数据,粮食加工、仓储与冷链集中生产,6.0,1.0,13.137232885936893,6.755962007398548,12.957288199185621,5.392889806010945,10.207393482115103,0.0,28.55757148731167,4.7712213150495675,22.09389333565707,12.287700295190254,0.27248314324284467,0.3011458661775548,0.10790864805221334,0.0,0.1846446609406726,0.8339423714225581,0.578701417599915,49.34981899630443,35.78192244260236,7.976106521838177,0.7,0.72,0.62,34.53981505501722,25.762984158673696,4.945186043539669,1.0,3.427612526701851,5.428480089593487,0.3887186459755686,0.0006412322463013718,0.42879344833390765,52.0,7.8,52.0,42.5,45.0,78.0
3,autumn_processing,秋季农产品加工日,60.0,县级区域特征化县域综合能源系统（非实测线路潮流）,特征化合成数据,粮食加工、仓储与冷链集中生产,7.0,1.0,14.176913169248692,7.547431800518047,13.364188907195219,5.523186918596117,11.689728335149224,0.0,30.577104160940564,5.169616547943557,23.59061249891237,12.851794715780793,0.38296231001599634,0.40741721838244743,0.11721420006985696,0.0,0.195,1.0743408943715762,0.7099716414361832,53.44326714832319,36.80638807845086,8.370376251631395,0.7,0.72,0.62,37.36822001920231,26.50059941648462,5.189633276011465,1.0,3.785956181897442,5.878759386315551,0.40092566721585654,0.11328515470285083,0.4693745955267971,88.0,13.2,88.0,42.5,45.0,79.0
3,autumn_processing,秋季农产品加工日,60.0,县级区域特征化县域综合能源系统（非实测线路潮流）,特征化合成数据,粮食加工、仓储与冷链集中生产,8.0,1.0,14.318852125322003,8.529321199854733,13.753657567192244,5.6976904724469435,13.447852625355692,0.0,32.89920066499488,5.634550770681771,25.31032059897042,12.91694416244296,0.5391920658809507,0.4805590228415551,0.13352868346558616,0.0,0.20705904774487396,1.320372778223216,0.8419904495240791,57.24008181870607,35.85898375743992,8.9912618850004,0.7,0.72,0.62,39.98578677786207,25.818468305356742,5.574582368700248,1.0,4.158351981764664,6.296409000057667,0.4126097270157673,0.300678935145961,0.4757505731229199,88.0,13.2,88.0,42.5,45.0,80.0
3,autumn_processing,秋季农产品加工日,60.0,县级区域特征化县域综合能源系统（非实测线路潮流）,特征化合成数据,粮食加工、仓储与冷链集中生产,9.0,1.0,13.633648525237714,9.572795573907925,14.08870539206945,5.912111712452298,15.130560267112676,0.0,35.13137737163442,6.083548014054536,26.967609670844276,12.590732368036033,0.6618472410256578,0.44642949771848406,0.15843744412450295,0.0,0.22,1.446388415418855,0.8957408824739718,59.85480838546168,33.55093779628417,10.020572687378397,0.7,0.72,0.62,41.78163486150395,24.1566752133246,6.212755066174607,1.0,4.479649560679715,6.584028922400785,0.42266116176208346,0.5035584136094935,0.45899054718930254,88.0,13.2,88.0,42.5,45.0,81.0
3,autumn_processing,秋季农产品加工日,60.0,县级区域特征化县域综合能源系统（非实测线路潮流）,特征化合成数据,粮食加工、仓储与冷链集中生产,10.0,1.0,12.797924118151261,10.489791433602038,14.349327572566256,6.151514362137339,16.33356012623964,0.0,36.83440206094323,6.422575121665393,28.24294114893233,12.089782776820117,0.661975050326179,0.34152672258399613,0.1911404109966581,0.0,0.23294095225512604,1.404976410009465,0.864080247962322,61.89048974760866,30.9200743040214,11.526557256015193,0.7,0.72,0.62,43.203939584281756,22.262453498895407,7.14646549872942,1.0,4.703473259387103,6.807953872236953,0.4304798271769877,0.6932029333519311,0.41303890035627616,88.0,13.2,88.0,42.5,45.0,82.0
3,autumn_processing,秋季农产品加工日,60.0,县级区域特征化县域综合能源系统（非实测线路潮流）,特征化合成数据,粮食加工、仓储与冷链集中生产,11.0,1.0,12.287446286747524,11.106812379791272,14.53668897386992,6.3902917592023005,16.820807408580215,0.0,37.747788141652435,6.595232823408452,28.94524964671027,11.554641755851918,0.5403053948617548,0.2566159199396542,0.2271966900143889,0.0,0.245,1.250770678871465,0.8059650531723221,62.73524309078271,28.627403862754623,13.288611295286621,0.7,0.72,0.62,43.845095741510185,20.61173078118333,8.238939003077705,1.0,4.804666628390598,6.900876739986098,0.4361006692160976,0.7949274190875453,0.3541838472394278,70.0,10.5,70.0,42.5,45.0,83.0
3,autumn_processing,秋季农产品加工日,60.0,县级区域特征化县域综合能源系统（非实测线路潮流）,特征化合成数据,粮食加工、仓储与冷链集中生产,12.0,1.0,12.094230276476052,11.356559390839653,14.664229709118299,6.595820013161198,16.676067223061896,0.0,37.936116945341396,6.615689956536828,29.117272785035468,11.107301546564889,0.3894338124453357,0.2247208733497156,0.2588494424652272,0.0,0.2553553390593274,1.1040059265088515,0.7691585160257339,62.85697620331247,27.064085162003042,15.258473899305253,0.7,0.72,0.62,43.99623770978826,19.48614131664219,9.460253817569257,1.0,4.794843412946497,6.914267382364372,0.43992689127354895,0.8595247089772192,0.29514773445247483,70.0,10.5,70.0,42.5,45.0,84.0
3,autumn_processing,秋季农产品加工日,60.0,县级区域特征化县域综合能源系统（非实测线路潮流）,特征化合成数据,粮食加工、仓储与冷链集中生产,13.0,1.0,12.06089649049281,11.32787013076424,14.739698323768964,6.735465507506913,16.247875683138307,0.0,37.72303951441418,6.555680240493947,28.98793552085532,10.826746041811896,0.3000891236167872,0.23342064571272897,0.27751728101390494,0.0,0.26330127018922195,1.0775348309507005,0.768327404857061,62.548375254158806,26.29746849373731,16.911812997611147,0.7,0.72,0.62,43.79791570110273,18.93417731549086,10.485324058518911,1.0,4.729259122820002,6.880321277957469,0.44219094971306894,0.8917623825707638,0.2897601213740187,70.0,10.5,70.0,42.5,45.0,85.0
3,autumn_processing,秋季农产品加工日,60.0,县级区域特征化县域综合能源系统（非实测线路潮流）,特征化合成数据,粮食加工、仓储与冷链集中生产,14.0,1.0,12.179218811202517,11.222164875668714,14.750292346085311,6.785,15.908381512161348,0.0,37.44367385824666,6.491179014205734,28.794362718702715,10.735222259341796,0.30757791164159914,0.27575027086459325,0.27751728101390494,0.0,0.26829629131445343,1.14245670695952,0.8053244883410201,62.28146271551973,26.1746913826884,17.98435743247138,0.7,0.72,0.62,43.60262869433316,18.84577779553565,11.150301608132256,1.0,4.676140353601513,6.850960898707171,0.4425087703825593,0.7449116970725534,0.3051847889211786,70.0,10.5,70.0,42.5,45.0,86.0
3,autumn_processing,秋季农产品加工日,60.0,县级区域特征化县域综合能源系统（非实测线路潮流）,特征化合成数据,粮食加工、仓储与冷链集中生产,15.0,1.0,12.653780967822355,11.221107399472668,14.663440230986495,6.735465507506913,15.804128282568962,0.0,37.20303402106237,6.448904841234796,28.608956080075064,10.785431497908045,0.40351397488080976,0.3465115641755557,0.2588494424652272,0.0,0.27,1.313726122109447,0.8732524843498768,62.43198832583412,26.435182737303847,18.47124273573321,0.7,0.72,0.62,43.65603602695714,19.03333157085877,11.45217049615459,1.0,4.672622290628448,6.867518715841753,0.43990320692959484,0.5911262188027083,0.33315523229738264,70.0,10.5,70.0,42.5,45.0,87.0
3,autumn_processing,秋季农产品加工日,60.0,县级区域特征化县域综合能源系统（非实测线路潮流）,特征化合成数据,粮食加工、仓储与冷链集中生产,16.0,1.0,13.791971113960582,11.346524045691606,14.445746536998465,6.595820013161198,15.783820517930295,0.0,36.82538706808996,6.393177700753496,28.304438283087247,10.989506891625,0.5370170267312673,0.4153700648473758,0.2271966900143889,0.0,0.26829629131445343,1.4953456166175931,0.9380735025107874,63.52547225584092,27.216977133373753,18.06259174406648,0.7,0.72,0.62,44.35916214996711,19.5962235360291,11.198806881321218,1.0,4.705775312550036,6.987801948142501,0.43337239610995393,0.4004063896189826,0.33994771573868837,132.0,19.8,132.0,42.5,45.0,88.0
3,autumn_processing,秋季农产品加工日,60.0,县级区域特征化县域综合能源系统（非实测线路潮流）,特征化合成数据,粮食加工、仓储与冷链集中生产,17.0,1.0,15.68264543060206,11.424265804661523,14.088724698144985,6.3902917592023005,15.54060101670585,0.0,36.019617474053135,6.259831704109099,27.674088909495275,11.275358155273796,0.6174969240018547,0.43558462913729873,0.1911404109966581,0.0,0.26330127018922195,1.5520399059100447,0.9431957403735114,64.51748865954806,28.452952255466286,17.2289272865846,0.7,0.72,0.62,45.019009867920126,20.486125623935724,10.681934917682453,1.0,4.723865367887978,7.096923752550287,0.4226617409443495,0.19466681841717523,0.3220535200568409,132.0,19.8,132.0,42.5,45.0,89.0
3,autumn_processing,秋季农产品加工日,60.0,县级区域特征化县域综合能源系统（非实测线路潮流）,特征化合成数据,粮食加工、仓储与冷链集中生产,18.0,1.0,17.80626793562408,11.198905185499036,13.623540579102446,6.151514362137339,14.843083816729632,0.0,34.61813875796942,6.007575894357533,26.603684351183354,11.499922218806713,0.580508082533798,0.3911696028194936,0.15843744412450295,0.0,0.2553553390593274,1.4219257190879446,0.8621778226788885,65.06191660701307,29.7715927958014,16.25282815410853,0.7,0.72,0.62,45.41017144422648,21.43554681297701,10.076753455547289,1.0,4.66070476091047,7.156810826771438,0.4087062173730734,0.04525568310012302,0.29475978496758903,132.0,19.8,132.0,42.5,45.0,90.0
3,autumn_processing,秋季农产品加工日,60.0,县级区域特征化县域综合能源系统（非实测线路潮流）,特征化合成数据,粮食加工、仓储与冷链集中生产,19.0,1.0,19.088376119107036,10.521367686577218,13.114124176439542,5.912111712452298,13.684953258653099,0.0,32.71118914754494,5.64856472631784,25.166599276562053,11.560168253795691,0.4547433062383259,0.3159801470724613,0.13352868346558616,0.0,0.245,1.1868593685056275,0.7332720752531645,63.44244136128961,30.799670465149816,14.653472232685958,0.7,0.72,0.62,44.31217947020195,22.175762734907867,9.085152784265293,1.0,4.466077681586255,6.978668549741857,0.39342372529318625,0.0,0.3028525196310008,132.0,19.8,132.0,42.5,45.0,91.0
3,autumn_processing,秋季农产品加工日,60.0,县级区域特征化县域综合能源系统（非实测线路潮流）,特征化合成数据,粮食加工、仓储与冷链集中生产,20.0,1.0,18.660046250930094,9.4618628661314,12.633095626576477,5.6976904724469435,12.271031134891508,0.0,30.60181723391493,5.241182609905758,23.588970812155907,11.38058596871454,0.32525833999381004,0.2543625766798758,0.11721420006985696,0.0,0.23294095225512607,0.9612432916423155,0.6186809073789876,59.587974254222445,31.12851830942254,12.73332151570261,0.7,0.72,0.62,41.65739258118507,22.412533182784227,7.894659339735618,1.0,4.139981730114955,6.554677167964469,0.37899286879729427,0.0,0.3352287216895885,132.0,19.8,132.0,42.5,45.0,92.0
3,autumn_processing,秋季农产品加工日,60.0,县级区域特征化县域综合能源系统（非实测线路潮流）,特征化合成数据,粮食加工、仓储与冷链集中生产,21.0,1.0,16.65154728656929,8.264109430262215,12.235712992234431,5.523186918596117,10.884856644005794,0.0,28.643756554836344,4.857127666096708,22.130893667619688,10.991359181165352,0.2452344816370877,0.22211756158180204,0.10790864805221334,0.0,0.22,0.8222752682138491,0.5474321449272341,54.295985738659255,30.67939297055935,10.849111464277145,0.7,0.72,0.62,37.97902947423901,22.08916293880273,6.72644910785183,1.0,3.7460616504468436,5.972558431252518,0.3670713897670329,0.0,0.4075166649668879,132.0,19.8,132.0,42.5,45.0,93.0
3,autumn_processing,秋季农产品加工日,60.0,县级区域特征化县域综合能源系统（非实测线路潮流）,特征化合成数据,粮食加工、仓储与冷链集中生产,22.0,1.0,14.08362177935387,7.1939584092121684,11.945860818101217,5.392889806010945,9.74720372315027,0.0,27.08595434726243,4.548608282347175,20.973643351956557,10.485848545990693,0.21199751034570122,0.2105439424813734,0.10325134241556064,0.0,0.20705904774487396,0.763650958598721,0.5112121918895917,49.247735901868545,29.642573897652746,9.269672085138465,0.7,0.72,0.62,34.450071652178465,21.342653206309976,5.747196692785848,1.0,3.378741032796886,5.41725094920554,0.3583758245430365,0.0,0.47024059827787,62.0,9.299999999999999,62.0,42.5,45.0,94.0
3,autumn_processing,秋季农产品加工日,60.0,县级区域特征化县域综合能源系统（非实测线路潮流）,特征化合成数据,粮食加工、仓储与冷链集中生产,23.0,1.0,11.989637715158308,6.408736466058253,11.758023080334537,5.3030908090363456,8.947723147939667,0.0,26.00883703731055,4.334018207813413,20.174276764948758,10.02445186837551,0.20233706691196635,0.2076101689112183,0.10119610203089346,0.0,0.195,0.7452576893921892,0.4924715834848451,45.284480226491,28.53433727508379,8.421194887393371,0.7,0.72,0.62,31.66992735945401,20.544722838060327,5.22114083018389,1.0,3.1064840419402215,4.98129282491401,0.3527406924100361,0.0,0.49202248495803524,62.0,9.299999999999999,62.0,42.5,45.0,95.0
4,winter_heating,冬季采暖日,80.0,县级区域特征化县域综合能源系统（非实测线路潮流）,特征化合成数据,严寒地区采暖负荷高峰,0.0,1.0,11.80027194200923,5.949317972019548,10.991732042262308,4.14281748856022,1.5033616864879322,0.0,16.63791121731046,2.395454564039661,13.2187944473977,13.502971876378426,0.0,0.2430001050075079,0.14501045704261956,0.0,0.22157359312880712,0.6293598858143848,0.51110439831598,34.96664293173202,46.074790620449214,2.510108955427297,0.78,0.92,0.3,27.29418517413173,42.388807370813275,0.7530326866281891,1.0,1.5014840731378953,3.846330722490522,0.3297519612678692,0.0,0.5302208311365677,52.0,7.8,52.0,46.0,45.0,96.0
4,winter_heating,冬季采暖日,80.0,县级区域特征化县域综合能源系统（非实测线路潮流）,特征化合成数据,严寒地区采暖负荷高峰,1.0,1.0,11.843168080171502,5.967280280597358,11.058514982387573,4.146550857169545,1.50757567744426,0.0,16.71264151700138,2.4050676012147636,13.277129911187982,13.804327868127341,0.0,0.2430032171593951,0.14504433259258254,0.0,0.21203847577293367,0.6087249498973468,0.5020787033291878,35.00026928753454,47.147286348620746,2.5712834450121393,0.78,0.92,0.3,27.327483286686203,43.37550344073109,0.7713850335036417,1.0,1.5054121848817732,3.8500296216287997,0.33175544947162716,0.0,0.609905729639261,52.0,7.8,52.0,46.0,45.0,97.0
4,winter_heating,冬季采暖日,80.0,县级区域特征化县域综合能源系统（非实测线路潮流）,特征化合成数据,严寒地区采暖负荷高峰,2.0,1.0,11.980893187737404,6.012437773514979,11.169622156628202,4.154308387541256,1.5160377092753505,0.0,16.83996825344481,2.4216584645933876,13.376557646133731,14.243406426442208,0.0,0.2430631982475773,0.14516818313316843,0.0,0.20604445042265587,0.6229997851613504,0.4965378314946788,35.26079032637086,48.70776774203337,2.5233864237457917,0.78,0.92,0.3,27.514014453638097,44.8111463226707,0.7570159271237374,1.0,1.515747961436987,3.8786869359007947,0.3350886646988461,0.0,0.6450530654794537,52.0,7.8,52.0,46.0,45.0,98.0
4,winter_heating,冬季采暖日,80.0,县级区域特征化县域综合能源系统（非实测线路潮流）,特征化合成数据,严寒地区采暖负荷高峰,3.0,1.0,12.269877091397662,6.114450062848668,11.339913979209037,4.169358904978092,1.5318947933621572,0.0,17.041167677549286,2.448291134940815,13.53374581328496,14.9969616394756,0.0,0.24379600853324507,0.14557093518184575,0.0,0.204,0.5899483467203611,0.49547104763693267,36.004934983199526,51.38454237240058,2.609627333716057,0.78,0.92,0.3,28.119160624090682,47.27377898260853,0.7828882001148171,1.0,1.5364554540688915,3.960542848151948,0.34019741937627107,0.0,0.6189676631931573,52.0,7.8,52.0,46.0,45.0,99.0
4,winter_heating,冬季采暖日,80.0,县级区域特征化县域综合能源系统（非实测线路潮流）,特征化合成数据,严寒地区采暖负荷高峰,4.0,1.0,12.869086902678674,6.321039463439713,11.579635084607881,4.196590770506949,1.5595873187619862,0.0,17.335813173876815,2.4880517589718334,13.764086298138755,16.13169153254743,0.0,0.2494285146999988,0.1467343479447955,0.0,0.20604445042265587,0.5914244679049226,0.5024031013418382,37.16456754263028,55.41156626260612,2.483615849493563,0.78,0.92,0.3,29.029454699627617,50.978640961597634,0.7450847548480689,1.0,1.5770540605102352,4.0881024296893305,0.34738905253823643,0.0,0.5289621982586019,52.0,7.8,52.0,46.0,45.0,100.0
4,winter_heating,冬季采暖日,80.0,县级区域特征化县域综合能源系统（非实测线路潮流）,特征化合成数据,严寒地区采暖负荷高峰,5.0,1.0,13.981400759265638,6.6948675336662316,11.888390529242258,4.242472647229077,1.6045790012890015,0.0,17.735442177760337,2.543259320293885,14.076767970354048,17.524449336813305,0.0,0.2762877001541252,0.1497144465025629,0.0,0.21203847577293367,0.6193417152292761,0.5295809439444812,39.24486379159772,60.34366894572484,2.5263590453408247,0.78,0.92,0.3,30.65748816351187,55.51617543006686,0.7579077136022474,1.0,1.6495865350804246,4.31693501707575,0.35665171587726774,0.0,0.4629598837359376,52.0,7.8,52.0,46.0,45.0,101.0
4,winter_heating,冬季采暖日,80.0,县级区域特征化县域综合能源系统（非实测线路潮流）,特征化合成数据,严寒地区采暖负荷高峰,6.0,1.0,15.501934805405533,7.296438967990432,12.250527024684587,4.314311844808757,1.6724216238937528,0.0,18.237260493387097,2.6145721322843523,14.469862834993013,18.760324515766182,0.0,0.35351906029539043,0.15646753967570934,0.0,0.22157359312880712,0.720750170087204,0.5987790413872784,41.78945207925699,64.69337027100217,2.529859328300635,0.78,0.92,0.3,32.63236653053971,59.517900649321994,0.7589577984901905,1.0,1.7507243818852642,4.596839728718269,0.3675158107405376,0.0,0.4590819980851957,52.0,7.8,52.0,46.0,45.0,102.0
4,winter_heating,冬季采暖日,80.0,县级区域特征化县域综合能源系统（非实测线路潮流）,特征化合成数据,严寒地区采暖负荷高峰,7.0,1.0,16.728757539713456,8.151226344559491,12.635233148620934,4.418549534876894,1.7670518352263433,0.0,18.820834518724173,2.7003182978621485,14.927711777281424,19.17604054040601,0.0,0.4782723867967862,0.16996059010129258,0.0,0.23399999999999999,0.836498625822608,0.7100552018489136,44.54302414839456,66.08745445455399,2.592009769562607,0.78,0.92,0.3,34.80114510945504,60.80045809818967,0.7776029308687821,1.0,1.8467522493833708,4.899732656323401,0.379056994458628,0.009719801744031281,0.49495631362816456,93.28,13.991999999999999,93.28,46.0,45.0,103.0
4,winter_heating,冬季采暖日,80.0,县级区域特征化县域综合能源系统（非实测线路潮流）,特征化合成数据,严寒地区采暖负荷高峰,8.0,1.0,16.896245507879964,9.211666895843113,13.00345806352721,4.558152377957555,1.8885581275123642,0.0,19.45016856899713,2.796365183708345,15.422470186403622,18.573930020587124,0.0,0.5641345050748691,0.19361659102509993,0.0,0.24847085729384874,0.9724682043902618,0.8051963999041546,46.50834167467939,63.81906202642248,2.8742586637919842,0.78,0.92,0.3,36.32317770672968,58.71353706430868,0.8622775991375953,1.0,1.899512934723631,5.115917584214733,0.3901037419058163,0.11332957790515613,0.5346069967894603,93.28,13.991999999999999,93.28,46.0,45.0,104.0
4,winter_heating,冬季采暖日,80.0,县级区域特征化县域综合能源系统（非实测线路潮流）,特征化合成数据,严寒地区采暖负荷高峰,9.0,1.0,16.087705259780503,10.33861921982056,13.320230552502023,4.729689369961839,2.031095991035345,0.0,20.081015913499208,2.89661287092115,15.919701802664209,17.231185869960683,0.0,0.5240694103651771,0.22973429398052927,0.0,0.264,1.0117454870718947,0.8244094518381003,47.62390282876987,58.88290514991919,3.3148344612036222,0.78,0.92,0.3,37.181892178362524,54.17227273792566,0.9944503383610866,1.0,1.9113420380260768,5.2386293111646856,0.3996069165750607,0.2826967038767996,0.5435379731032994,93.28,13.991999999999999,93.28,46.0,45.0,105.0
4,winter_heating,冬季采暖日,80.0,县级区域特征化县域综合能源系统（非实测线路潮流）,特征化合成数据,严寒地区采暖负荷高峰,10.0,1.0,15.101550459418487,11.328974748290202,13.566636977699005,4.921211489709872,2.181940751190348,0.0,20.669789218599227,2.993841470733534,16.385216064612763,15.716260015920215,0.0,0.40092267433773465,0.27715359594515426,0.0,0.27952914270615126,0.9294680691781221,0.7956367939578968,47.98826772281346,53.32076343403272,3.7976604715843543,0.78,0.92,0.3,37.50150052379346,49.055102359310105,1.1392981414753063,1.0,1.9180027251943836,5.27870944950948,0.40699910933097017,0.4627699458445302,0.479203403453429,88.0,13.2,88.0,46.0,45.0,106.0
4,winter_heating,冬季采暖日,80.0,县级区域特征化县域综合能源系统（非实测线路潮流）,特征化合成数据,严寒地区采暖负荷高峰,11.0,1.0,14.499186618362078,11.995357370174574,13.743778666204287,5.112233407361841,2.3225775623986644,0.0,21.17858963596479,3.080422516997352,16.788923934897568,14.494736689044416,0.0,0.3012447755813332,0.3294352005208639,0.0,0.294,0.8864556252583733,0.7866630233757107,48.44491096834664,48.81319305437039,4.426063942900955,0.78,0.92,0.3,37.88225819098456,44.90813761002076,1.3278191828702863,1.0,1.9413166520531255,5.328940206518131,0.4123133599861286,0.5708872796439539,0.376292244298502,70.0,10.5,70.0,46.0,45.0,107.0
4,winter_heating,冬季采暖日,80.0,县级区域特征化县域综合能源系统（非实测线路潮流）,特征化合成数据,严寒地区采暖负荷高峰,12.0,1.0,14.27119172624174,12.265084142106826,13.864362634075482,5.276656010528959,2.432102492359528,0.0,21.57312113696397,3.148584146303367,17.10324081813264,13.773416468136574,0.0,0.26380276436705746,0.3753316915745794,0.0,0.3064264068711929,0.9110640006190135,0.8135655440016949,48.94145204064101,46.1196626381055,4.811635530666689,0.78,0.92,0.3,38.277268215218854,42.430089627057065,1.4434906592000067,1.0,1.9734518049784793,5.383559724470511,0.41593087902226444,0.6153429503845138,0.288136523580449,70.0,10.5,70.0,46.0,45.0,108.0
4,winter_heating,冬季采暖日,80.0,县级区域特征化县域综合能源系统（非实测线路潮流）,特征化合成数据,严寒地区采暖负荷高峰,13.0,1.0,14.231857858781515,12.234099741225378,13.935714778836111,5.388372406005531,2.4922179382602434,0.0,21.816305123101884,3.1904807529585826,17.298254712204297,13.392159015371266,0.0,0.27401554061929057,0.40240005747016216,0.0,0.3159615242270663,0.9798355454406116,0.8541343781723623,49.38050490005965,44.687464264299926,5.460255616008154,0.78,0.92,0.3,38.60665647477521,41.11246712315593,1.6380766848024462,1.0,1.9982256557240983,5.431855539006562,0.41807144336508334,0.615192999568327,0.2719909031608719,70.0,10.5,70.0,46.0,45.0,109.0
4,winter_heating,冬季采暖日,80.0,县级区域特征化县域综合能源系统（非实测线路潮流）,特征化合成数据,严寒地区采暖负荷高峰,14.0,1.0,14.37147819721897,12.119938065722211,13.945730945389748,5.428000000000001,2.4922179382602434,0.0,21.865948883649992,3.198815659864023,17.340147052951377,13.3642172685516,0.0,0.3237068397106095,0.40240005747016216,0.0,0.3219555495773441,1.0214558449782112,0.8946126116190496,49.5236867772486,44.57635014165984,5.84919046106353,0.78,0.92,0.3,38.726352738789956,41.01024213032705,1.7547571383190588,1.0,2.010462078339634,5.447605545497346,0.4183719283616924,0.457986800205091,0.32619004384358985,70.0,10.5,70.0,46.0,45.0,110.0
4,winter_heating,冬季采暖日,80.0,县级区域特征化县域综合能源系统（非实测线路潮流）,特征化合成数据,严寒地区采暖负荷高峰,15.0,1.0,14.931461542030378,12.118795991430483,13.863616218387232,5.388372406005531,2.432102492359528,0.0,21.684091116752292,3.16860352760656,17.19873471400566,13.486248373229165,0.0,0.4067744449017393,0.3753316915745794,0.0,0.324,1.082123123196151,0.9303406338483391,49.89162111626512,45.062143329014305,5.70678114041175,0.78,0.92,0.3,39.00174906844214,41.45717186269316,1.712034342123525,1.0,2.0210724261032915,5.488078322789163,0.41590848655161694,0.291778892671008,0.3760142108852188,70.0,10.5,70.0,46.0,45.0,111.0
4,winter_heating,冬季采暖日,80.0,县级区域特征化县域综合能源系统（非实测线路潮流）,特征化合成数据,严寒地区采暖负荷高峰,16.0,1.0,16.274525914473486,12.254245969346934,13.657796725889458,5.276656010528959,2.3225775623986644,0.0,21.25703029881708,3.0997007527296536,16.86326146017572,13.90026915521156,0.0,0.48760833699474554,0.3294352005208639,0.0,0.3219555495773441,1.1368256948595667,0.9436752884635764,50.69010839700767,46.64311683263387,5.604031634148,0.78,0.92,0.3,39.59523579613909,42.91166748602316,1.6812094902444,1.0,2.0509710233826883,5.575911923670843,0.40973390177668373,0.12283060106267824,0.39848364666057456,132.0,19.8,132.0,46.0,45.0,112.0
4,winter_heating,冬季采暖日,80.0,县级区域特征化县域综合能源系统（非实测线路潮流）,特征化合成数据,严寒地区采暖负荷高峰,17.0,1.0,18.50552160811043,12.338207069034446,13.320248805518894,5.112233407361841,2.181940751190348,0.0,20.614422964071082,2.9986588352492753,16.357312139492972,14.541805937308657,0.0,0.511338477682916,0.27715359594515426,0.0,0.3159615242270663,1.114987000435528,0.907538618744393,52.14168950252081,49.071706891090884,5.321653319047305,0.78,0.92,0.3,40.70836657037091,45.14597033980362,1.5964959957141915,1.0,2.111412954618162,5.735585845277289,0.3996074641655668,0.0035007471873793362,0.38457896254753565,139.92000000000002,20.988000000000003,139.92000000000002,46.0,45.0,113.0
4,winter_heating,冬季采暖日,80.0,县级区域特征化县域综合能源系统（非实测线路潮流）,特征化合成数据,严寒地区采暖负荷高峰,18.0,1.0,21.011396164036416,12.09481760033896,12.880438365696858,4.921211489709872,2.031095991035345,0.0,19.832745846442073,2.878311790059176,15.741372919939487,15.289675424630811,0.0,0.4591990989620143,0.22973429398052927,0.0,0.3064264068711929,0.9613461429079645,0.8193053203835196,53.37164435599917,51.89421866809878,5.04551500069421,0.78,0.92,0.3,41.699337926594666,47.74268117465088,1.5136545002082629,1.0,2.179411172756918,5.870880879159909,0.3864131509709057,0.0,0.3470607891515892,139.92000000000002,20.988000000000003,139.92000000000002,46.0,45.0,114.0
4,winter_heating,冬季采暖日,80.0,县级区域特征化县域综合能源系统（非实测线路潮流）,特征化合成数据,严寒地区采暖负荷高峰,19.0,1.0,22.5242838205463,11.363077101503396,12.398808312270113,4.729689369961839,1.8885581275123642,0.0,19.017055809744317,2.7546838721182647,15.09836519354677,15.88023182243252,0.0,0.3709332161285416,0.19361659102509993,0.0,0.294,0.8217666792408986,0.713208183212569,53.051959467222346,54.14970074958338,4.736245196239858,0.78,0.92,0.3,41.4527585578381,49.81772468961671,1.4208735588719574,1.0,2.1989984107020573,5.835715541394458,0.37196424936810335,0.0,0.30844702287411035,139.92000000000002,20.988000000000003,139.92000000000002,46.0,45.0,115.0
4,winter_heating,冬季采暖日,80.0,县级区域特征化县域综合能源系统（非实测线路潮流）,特征化合成数据,严寒地区采暖负荷高峰,20.0,1.0,22.01885457609751,10.218811895421911,11.944017683308669,4.558152377957555,1.7670518352263433,0.0,18.269221896492567,2.6425009537791952,14.508622159387226,16.14512268725202,0.0,0.2985995465372455,0.16996059010129258,0.0,0.27952914270615126,0.7213015864092456,0.6275368992380788,50.57671371970673,55.2228613095524,3.968964746873216,0.78,0.92,0.3,39.51475836321012,50.80503240478821,1.1906894240619648,1.0,2.124540401727276,5.5634385091677405,0.35832053049926005,0.0,0.36047281903408307,139.92000000000002,20.988000000000003,139.92000000000002,46.0,45.0,116.0
4,winter_heating,冬季采暖日,80.0,县级区域特征化县域综合能源系统（非实测线路潮流）,特征化合成数据,严寒地区采暖负荷高峰,21.0,1.0,19.648825798151762,8.925238184683192,11.568310465385279,4.418549534876894,1.6724216238937528,0.0,17.659281624155927,2.5514689293807,14.02737833219815,15.945009684751865,0.0,0.26074670272646333,0.15646753967570934,0.0,0.264,0.6386723384491458,0.5741434776166627,46.24086578502388,54.6088922487887,3.3719753967607136,0.78,0.92,0.3,36.143854365944954,50.2401808688856,1.011592619028214,1.0,1.966791262156533,5.086495236352627,0.34704931396155836,0.0,0.4363239583914253,139.92000000000002,20.988000000000003,139.92000000000002,46.0,45.0,117.0
4,winter_heating,冬季采暖日,80.0,县级区域特征化县域综合能源系统（非实测线路潮流）,特征化合成数据,严寒地区采暖负荷高峰,22.0,1.0,16.618673699637565,7.7694750819491425,11.29426840984115,4.314311844808757,1.6045790012890015,0.0,17.21315925593891,2.4848957215300946,13.67513442713971,15.508439601341356,0.0,0.247160280304221,0.1497144465025629,0.0,0.24847085729384874,0.6012086957610748,0.5438025124944176,41.750323092411264,53.12310869115941,3.0161530203155973,0.78,0.92,0.3,32.64011174188157,48.87325999586666,0.9048459060946792,1.0,1.786569069882755,4.5925355401652395,0.3388280522952345,0.0,0.5141350446309989,62.0,9.299999999999999,62.0,46.0,45.0,118.0
4,winter_heating,冬季采暖日,80.0,县级区域特征化县域综合能源系统（非实测线路潮流）,特征化合成数据,严寒地区采暖负荷高峰,23.0,1.0,14.147772503886802,6.921435383342914,11.116676366861743,4.242472647229077,1.5595873187619862,0.0,16.918736332852806,2.44075545065228,13.442436912277795,14.937458221519377,0.0,0.24371628524360414,0.1467343479447955,0.0,0.23399999999999999,0.6049522862307751,0.5249623128208388,38.385310371108964,51.1333381870139,2.658671959391895,0.78,0.92,0.3,29.993641619025826,47.04267113205279,0.7976015878175684,1.0,1.6436563872781238,4.222384140821986,0.33350029100585227,0.0,0.5461809736100769,62.0,9.299999999999999,62.0,46.0,45.0,119.0
5,holiday_return,春节返乡日,30.0,县级区域特征化县域综合能源系统（非实测线路潮流）,特征化合成数据,春节返乡居民晚峰,0.0,1.0,14.200327252248394,6.169663082094346,7.609660644643136,4.503062487565456,1.1275212648659492,0.0,13.240244397074543,1.9717652033894673,10.619984352831423,10.229773827320313,0.0,0.18000007778333918,0.12500901469191342,0.0,0.21234136008177348,0.5019976851363728,0.4402324597487443,34.04336532030936,34.52348214514002,3.113908647708434,0.72,0.88,0.35,24.590017157073298,30.38066428772322,1.0898680266979517,1.0,1.5716436009995132,3.74477018523403,0.22828981933929407,0.0,0.4642736986298073,52.0,7.8,52.0,45.0,45.0,120.0
5,holiday_return,春节返乡日,30.0,县级区域特征化县域综合能源系统（非实测线路潮流）,特征化合成数据,春节返乡居民晚峰,1.0,1.0,14.25194802868096,6.188290661360224,7.655894987806781,4.5071204969234175,1.130681758083195,0.0,13.293697242813394,1.9787390747613318,10.661812583663327,10.453279058964696,0.0,0.1800023830810334,0.12503821775222632,0.0,0.20320353928239474,0.5128040675419766,0.43157942645200204,34.2315985331046,35.31852393841374,3.0911948380084318,0.72,0.88,0.35,24.709111441657093,31.080301065804093,1.0819181933029511,1.0,1.5756989220055133,3.7654758386415064,0.22967684963420343,0.0,0.5153959918412213,52.0,7.8,52.0,45.0,45.0,121.0
5,holiday_return,春节返乡日,30.0,县级区域特征化县域综合能源系统（非实测线路潮流）,特征化合成数据,春节返乡居民晚峰,2.0,1.0,14.417685022531453,6.235120654015534,7.732815339204139,4.515552595153539,1.137028281956513,0.0,13.38539621631419,1.9908835298625667,10.733631559419962,10.763293460839687,0.0,0.1800468135167239,0.12514498545962793,0.0,0.19745926498837854,0.5095202933355606,0.4262495581143315,34.37110518556221,36.41922915169725,3.0682163096602197,0.72,0.88,0.35,24.806590680517516,32.04892165349358,1.0738757083810768,1.0,1.5868686650889237,3.7808215704118426,0.23198446017612417,0.0,0.5343774423096246,52.0,7.8,52.0,45.0,45.0,122.0
5,holiday_return,春节返乡日,30.0,县级区域特征化县域综合能源系统（非实测线路潮流）,特征化合成数据,春节返乡居民晚峰,3.0,1.0,14.765445313376848,6.340911176287508,7.850709677913948,4.531911853237057,1.1489210950216178,0.0,13.531542626172623,2.0105919358371,10.848220930972312,11.286854935884032,0.0,0.18058963595055189,0.12549218550159116,0.0,0.19549999999999998,0.5061073239486091,0.4250807121168183,34.88432498156943,38.2767721090042,2.9861417562196566,0.72,0.88,0.35,25.177397425603807,33.68355945592369,1.0451496146768797,1.0,1.6095430013114065,3.837275747972637,0.23552129033741845,0.0,0.508155683794467,52.0,7.8,52.0,45.0,45.0,123.0
5,holiday_return,春节返乡日,30.0,县级区域特征化县域综合能源系统（非实测线路潮流）,特征化合成数据,春节返乡居民晚峰,4.0,1.0,15.486528306613321,6.555152036159702,8.01667044319007,4.56151170707277,1.1696904890714896,0.0,13.74787263933433,2.040404468051635,11.018080165902312,12.163833376649348,0.0,0.18476186274073983,0.12649512753861683,0.0,0.19745926498837854,0.4846475166094386,0.43076522044223264,35.94991062111331,41.387029114466635,3.2156687018371057,0.72,0.88,0.35,25.96575465568502,36.42058562073064,1.1254840456429869,1.0,1.6546763762953647,3.9544901683224642,0.24050011329570212,0.0,0.4618324436177252,52.0,7.8,52.0,45.0,45.0,124.0
5,holiday_return,春节返乡日,30.0,县级区域特征化县域综合能源系统（非实测线路潮流）,特征化合成数据,春节返乡居民晚峰,5.0,1.0,16.825075489963734,6.9428255904686855,8.230424212552332,4.611383312205518,1.203434250966751,0.0,14.045241775724602,2.0824554369159585,11.251993194983626,13.208770298791988,0.0,0.20465755566972235,0.1290641780194508,0.0,0.20320353928239474,0.5449627546345934,0.4524614115045863,37.98271592710715,45.08300524514832,3.409757537417947,0.72,0.88,0.35,27.407643695684826,39.673044615730525,1.1934151380962814,1.0,1.7361852633518216,4.1780987519817865,0.24691272637656997,0.0,0.4393535431037855,52.0,7.8,52.0,45.0,45.0,125.0
5,holiday_return,春节返乡日,30.0,县级区域特征化县域综合能源系统（非实测线路潮流）,特征化合成数据,春节返乡居民晚峰,6.0,1.0,18.654870698030386,7.566677448286375,8.481134094012406,4.6894693965312575,1.2543162179203147,0.0,14.424919708463976,2.137790150599584,11.551335951249184,14.140242285485215,0.0,0.2618659705891781,0.13488581006526668,0.0,0.21234136008177348,0.6036579169412358,0.5064277005488494,40.84777723448232,48.354670766203775,3.4545651033086675,0.72,0.88,0.35,29.482193609178427,42.55211027425932,1.2090977861580336,1.0,1.849524190746902,4.493255495793055,0.25443402282037214,0.0,0.4638082875946555,52.0,7.8,52.0,45.0,45.0,126.0
5,holiday_return,春节返乡日,30.0,县级区域特征化县域综合能源系统（非实测线路潮流）,特征化合成数据,春节返乡居民晚峰,7.0,1.0,20.13121670033314,8.453123616580214,8.747469102891415,4.802771233561842,1.3252888764197575,0.0,14.875529212873014,2.2057586672004477,11.907617152140713,14.518922304124633,0.0,0.35427584207169344,0.1465177500873212,0.0,0.22424999999999998,0.7232898068667212,0.5928965645287745,43.82112981124958,49.62910217030046,3.6965618887429916,0.72,0.88,0.35,31.62334136768443,43.67360990986441,1.293796661060047,1.0,1.9537909008316612,4.820324279237454,0.2624240730867424,0.012606019187832142,0.499635131257285,88.0,13.2,88.0,45.0,45.0,127.0
5,holiday_return,春节返乡日,30.0,县级区域特征化县域综合能源系统（非实测线路潮流）,特征化合成数据,春节返乡居民晚峰,8.0,1.0,20.332770017957245,9.552839743837302,9.002394043980376,4.95451345430169,1.4164185956342732,0.0,15.373326093916338,2.283711798091489,12.302570313860823,14.111053474106026,0.0,0.4178774111665697,0.16691085433198272,0.0,0.23811790490660503,0.8382374526966248,0.6689459663766579,45.76417799803006,48.07048946624186,4.093401283710331,0.72,0.88,0.35,33.015623159016734,42.302030730292834,1.4326904492986157,1.0,2.0031581705137236,5.034059579783306,0.27007182131941126,0.14773007013334466,0.512817475469364,88.0,13.2,88.0,45.0,45.0,128.0
5,holiday_return,春节返乡日,30.0,县级区域特征化县域综合能源系统（非实测线路潮流）,特征化合成数据,春节返乡居民晚峰,9.0,1.0,19.359780905837553,10.721531042776878,9.221698074809092,5.14096670648026,1.5233219932765087,0.0,15.885986774565861,2.3671086146643696,12.710947701083201,13.159650317178436,0.0,0.38819956323346444,0.19804680515562867,0.0,0.253,0.859110039736649,0.6903318189034908,46.656651276197394,44.550625078108006,4.751350411267657,0.72,0.88,0.35,33.66456150915522,39.204550068735045,1.6629726439436798,1.0,2.0011295257391426,5.132231640381713,0.2766509422442728,0.33798535627840254,0.5244720427151749,88.0,13.2,88.0,45.0,45.0,129.0
5,holiday_return,春节返乡日,30.0,县级区域特征化县域综合能源系统（非实测线路潮流）,特征化合成数据,春节返乡居民晚峰,10.0,1.0,18.17305224777479,11.748566405634284,9.392287138407003,5.349142923597687,1.636455563392761,0.0,16.37788562539745,2.449940406802831,13.10449488789426,12.070092578498683,0.0,0.2969797587686923,0.23892551374582263,0.0,0.26788209509339495,0.832367475778646,0.6774067838480502,47.11013399864512,40.52713979714346,5.675454155757697,0.72,0.88,0.35,33.99739868031191,35.66388302148625,1.9864089545151937,1.0,1.992108189039329,5.182114739850963,0.28176861415221005,0.5239763618645029,0.4603645849564769,88.0,13.2,88.0,45.0,45.0,130.0
5,holiday_return,春节返乡日,30.0,县级区域特征化县域综合能源系统（非实测线路潮流）,特征化合成数据,春节返乡居民晚峰,11.0,1.0,17.448173727181484,12.439629865366225,9.514923691987583,5.55677544278461,1.7419331717989983,0.0,16.81363230657119,2.525235720535519,13.454659244240359,11.212130359139593,0.0,0.22314427820839497,0.28399586251798614,0.0,0.28175,0.8192979894344387,0.679459771012064,47.56297446791985,37.33585840283216,6.526581622372266,0.72,0.88,0.35,34.33490683552156,32.8555553944923,2.284303567830293,1.0,2.004283853649178,5.231927191471184,0.2854477107596275,0.6316749967176488,0.3792191613983964,70.0,10.5,70.0,45.0,45.0,131.0
5,holiday_return,春节返乡日,30.0,县级区域特征化县域综合能源系统（非实测线路潮流）,特征化合成数据,春节返乡居民晚峰,12.0,1.0,17.173806992595992,12.719346517740412,9.598404900513794,5.735495663618433,1.8240768692696459,0.0,17.15797743340187,2.585494718752295,13.732617438986757,10.694686896294304,0.0,0.19540945508670923,0.323561803081534,0.0,0.2936586399182265,0.8370419926099959,0.7069679492563922,47.95102959388509,35.38397645262961,7.492604490289784,0.72,0.88,0.35,34.62903902217446,31.13789927831406,2.622411571601424,1.0,2.0304133488576857,5.27461325532736,0.2879521470154138,0.6972995379054299,0.3142537838583063,70.0,10.5,70.0,45.0,45.0,132.0
5,holiday_return,春节返乡日,30.0,县级区域特征化县域综合能源系统（非实测线路潮流）,特征化合成数据,春节返乡居民晚峰,13.0,1.0,17.12647301649979,12.68721454645595,9.64780253919423,5.856926528266881,1.8691634536951827,0.0,17.373892521156293,2.623199039604286,13.908040481541548,10.383046128929227,0.0,0.2029744745328078,0.3468966012673812,0.0,0.30279646071760524,0.8472222743940714,0.7419457109953335,48.43277942213875,34.20729494643837,8.392760532416506,0.72,0.88,0.35,35.0035468573715,30.10241955286576,2.937466186345777,1.0,2.0529961982584055,5.327605736435262,0.2894340761758269,0.7178747710246237,0.3255759818726277,70.0,10.5,70.0,45.0,45.0,133.0
5,holiday_return,春节返乡日,30.0,县级区域特征化县域综合能源系统（非实测线路潮流）,特征化合成数据,春节返乡居民晚峰,14.0,1.0,17.294490711907574,12.56882466074896,9.654736808346748,5.9,1.8691634536951827,0.0,17.42390026204193,2.63178437681455,13.950492397170995,10.300997391003682,0.0,0.2397828442300811,0.3468966012673812,0.0,0.30854073501162144,0.8836959273835825,0.7731686303627401,48.75502300978028,33.901957033351955,9.000675839110588,0.72,0.88,0.35,35.24052412968836,29.83372218934972,3.1502365436887056,1.0,2.0670810198693843,5.363052531075831,0.28964210425040243,0.573487031025785,0.34198556122279766,70.0,10.5,70.0,45.0,45.0,134.0
5,holiday_return,春节返乡日,30.0,县级区域特征化县域综合能源系统（非实测线路潮流）,特征化合成数据,春节返乡居民晚峰,15.0,1.0,17.968368974307744,12.56764028740939,9.59788815119116,5.856926528266881,1.8240768692696459,0.0,17.27889154872769,2.6072902644703,13.83664491811277,10.428234955677695,0.0,0.301314403630918,0.323561803081534,0.0,0.3105,0.9367510381600188,0.7971007053150232,49.26075317658346,34.39766784624217,9.137678241929851,0.72,0.88,0.35,35.5903822449799,30.269947704693113,3.198187384675448,1.0,2.0860208844441672,5.41868284942418,0.2879366445357348,0.41684406781883265,0.38724559011683907,70.0,10.5,70.0,45.0,45.0,135.0
5,holiday_return,春节返乡日,30.0,县级区域特征化县域综合能源系统（非实测线路潮流）,特征化合成数据,春节返乡居民晚峰,16.0,1.0,19.584598981824026,12.7081069311746,9.455397733308086,5.735495663618433,1.7419331717989983,0.0,16.932826568725517,2.5502622452440677,13.561928386387438,10.748167695936342,0.0,0.36119136073684854,0.28399586251798614,0.0,0.30854073501162144,0.9499788869469423,0.8015439270430218,50.620618902302574,35.627785971153735,8.894205885184784,0.72,0.88,0.35,36.56440473809907,31.352451654615287,3.112972059814674,1.0,2.134053134363877,5.568268079253283,0.28366193199924256,0.23228685078728978,0.38630964888625824,132.0,19.8,132.0,45.0,45.0,136.0
5,holiday_return,春节返乡日,30.0,县级区域特征化县域综合能源系统（非实测线路潮流）,特征化合成数据,春节返乡居民晚峰,17.0,1.0,22.269356511454923,12.795177701220908,9.22171071151308,5.55677544278461,1.636455563392761,0.0,16.41494171769045,2.4668450890292064,13.150009241417754,11.230894476117737,0.0,0.3787692427280859,0.23892551374582263,0.0,0.30279646071760524,0.9269517537729149,0.7678280699626254,52.86326813169651,37.47068014030096,8.404663609750015,0.72,0.88,0.35,38.161975862067614,32.97419852346485,2.941632263412505,1.0,2.2228535854593487,5.814959494486616,0.2766513213453924,0.06736075217670232,0.37371114209367384,132.0,19.8,132.0,45.0,45.0,137.0
5,holiday_return,春节返乡日,30.0,县级区域特征化县域综合能源系统（非实测线路潮流）,特征化合成数据,春节返乡居民晚峰,18.0,1.0,25.284900468586194,12.542773807758921,8.917226560867054,5.349142923597687,1.5233219932765087,0.0,15.789691477741249,2.3680437520724618,12.6524914669294,11.709058394315415,0.0,0.34014748071260315,0.19804680515562867,0.0,0.2936586399182265,0.867034067821494,0.6953210690612031,54.78213622044363,39.31046072013509,7.754492659947173,0.72,0.88,0.35,39.51419461894914,34.59320543371888,2.7140724309815103,1.0,2.3224227581751515,6.0260349842488,0.2675167968260116,0.0,0.32112306073548025,132.0,19.8,132.0,45.0,45.0,138.0
5,holiday_return,春节返乡日,30.0,县级区域特征化县域综合能源系统（非实测线路潮流）,特征化合成数据,春节返乡居民晚峰,19.0,1.0,27.10549408913199,11.783931808966486,8.583790370033155,5.14096670648026,1.4164185956342732,0.0,15.141175672147687,2.2670409426099654,12.13640924505556,12.079525611246963,0.0,0.27476534528040114,0.16691085433198272,0.0,0.28175,0.7616747844946444,0.6102180105950652,54.91915004228496,40.76176045540847,6.991701412963459,0.72,0.88,0.35,39.60360019620409,35.870349200759456,2.4470954945372103,1.0,2.363168513004998,6.041106504651346,0.25751371110099464,0.0,0.30121778055966364,132.0,19.8,132.0,45.0,45.0,139.0
5,holiday_return,春节返乡日,30.0,县级区域特征化县域综合能源系统（非实测线路潮流）,特征化合成数据,春节返乡居民晚峰,20.0,1.0,26.497265676320733,10.597286410067168,8.268935319213693,4.95451345430169,1.3252888764197575,0.0,14.54873764993514,2.175648212892294,11.664859110708358,12.236489597200125,0.0,0.22118484928684853,0.1465177500873212,0.0,0.26788209509339495,0.6537794966594411,0.5411833599181083,52.19178412199737,41.43420186821583,6.217460864813045,0.72,0.88,0.35,37.64854669016142,36.46209764402993,2.1761113026845655,1.0,2.2884957888613338,5.741096253419711,0.24806805957641076,0.0,0.3341293722744793,132.0,19.8,132.0,45.0,45.0,140.0
5,holiday_return,春节返乡日,30.0,县级区域特征化县域综合能源系统（非实测线路潮流）,特征化合成数据,春节返乡居民晚峰,21.0,1.0,23.64519714692839,9.255802561893681,8.008830322189809,4.802771233561842,1.2543162179203147,0.0,14.065917773671964,2.1015080286463776,11.28037858907386,12.103951397035221,0.0,0.19314570572330614,0.13488581006526668,0.0,0.253,0.6209807604477264,0.4969492230650543,47.290922523347426,41.04983135401649,5.2355792341150655,0.72,0.88,0.35,34.09930729235283,36.12385159153451,1.8324527319402728,1.0,2.11045980631828,5.202001477568217,0.24026490966569425,0.0,0.41237133355603817,132.0,19.8,132.0,45.0,45.0,141.0
5,holiday_return,春节返乡日,30.0,县级区域特征化县域综合能源系统（非实测线路潮流）,特征化合成数据,春节返乡居民晚峰,22.0,1.0,19.998742926682493,8.05723341831763,7.8191088991207955,4.6894693965312575,1.203434250966751,0.0,13.712012546618805,2.047153094482807,10.998321283027163,11.778668215362963,0.0,0.18308168911423775,0.1290641780194508,0.0,0.23811790490660503,0.5800084225358663,0.47052695225874697,42.04327187030169,39.95318749452302,4.4981880469303315,0.72,0.88,0.35,30.324076634650137,35.15880499518026,1.574365816425616,1.0,1.9021208247608592,4.624759905733185,0.23457326697362385,0.0,0.47939359586405655,62.0,9.299999999999999,62.0,45.0,45.0,142.0
5,holiday_return,春节返乡日,30.0,县级区域特征化县域综合能源系统（非实测线路潮流）,特征化合成数据,春节返乡居民晚峰,23.0,1.0,17.025285555524796,7.177784841985243,7.696160561673514,4.611383312205518,1.1696904890714896,0.0,13.477234362950522,2.0109201711935425,10.81097203873356,11.373793160068862,0.0,0.18053058166192898,0.12649512753861683,0.0,0.22424999999999998,0.5504967020127016,0.45325452194810534,37.98830752265196,38.55120788235554,4.007920839545369,0.72,0.88,0.35,27.408478312808366,33.92506293647288,1.4027722938408789,1.0,1.7358297735453827,4.178713827491715,0.2308848168502054,0.0,0.5143378991597695,62.0,9.299999999999999,62.0,45.0,45.0,143.0
