指标,R3基准,R4优化,改善量,改善率/%,优选方向
年可变运行成本,25.60312431757266,25.85481675274171,-0.2516924351690477,-0.9830535994245789,lower
年私人成本总额,191.29337350142703,191.5450659365961,-0.25169243516907613,-0.1315740480509632,lower
年社会综合成本,194.89783856615367,195.04139704938092,-0.1435584832272525,-0.07365832493751583,lower
年碳排放,10269.13123853744,9961.057301381317,308.07393715612307,2.9999999999999987,lower
主网最大购电功率,3.3170653632931604,3.3170653632931604,0.0,0.0,lower
主网峰谷差,8.31706536329316,8.31706536329316,0.0,0.0,lower
主网功率标准差,2.9677070653906763,2.6506895869366804,0.31701747845399586,10.682236200164281,lower
年弃风弃光量,20523.012493882856,20501.67682909229,21.335664790567535,0.10395971252722717,lower
弃风弃光率,3.811918352485536,3.8079554931245188,0.003962859361017035,0.10395971252723918,lower
新能源本地吸纳率,92.42710002521245,92.42727647006033,0.00017644484788092996,0.00019090163797500837,higher
新能源外送率,3.76098162230201,3.7647680368151426,-0.003786414513132552,-0.10067623012778709,lower
年购电量,3420.2585036442606,1267.5372718093106,2152.7212318349502,62.940307860977214,lower
