Group,Scenario,Name,Success,Message,Annualized capital cost [EUR/year],Annualized capital cost [million CNY/year],Fixed O&M cost [EUR/year],Fixed O&M cost [million CNY/year],Variable operating annual cost [EUR/year],Variable operating annual cost [million CNY/year],Private total annual cost [EUR/year],Private total annual cost [million CNY/year],Carbon external cost [EUR/year],Carbon external cost [million CNY/year],Social total annual cost [EUR/year],Social total annual cost [million CNY/year],Annual CO2 emissions [tCO2/year],Daily average CO2 emissions [tCO2/day],CO2 cap [tCO2/day],CO2 cap slack [tCO2/day],Renewable utilization rate incl. export [%],Renewable curtailment rate [%],Renewable local consumption rate [%],Renewable local absorption rate [%],Renewable export rate [%],Annual renewable available [MWh/year],Annual renewable local absorption [MWh/year],Annual renewable export [MWh/year],Annual renewable curtailment [MWh/year],Annual unmet load [MWh/year],Electric service rate [%],Heat service rate [%],Cooling service rate [%],Total multi-energy service rate [%],Unserved energy ratio [%],Expected shortage duration [h/year],Annual grid import [MWh/year],Annual grid export [MWh/year],Annual low-altitude economy electric load [MWh/year],Peak low-altitude economy electric load [MW],Low-altitude economy share of electric load [%],Battery autonomy for critical low-altitude load [h],Annual industrial-park electric load [MWh/year],Annual industrial-park process heat load [MWh/year],Peak industrial-park electric load [MW],Industrial-park share of electric load [%],Industrial-park local renewable coverage [%],System carbon intensity per electric-service demand [tCO2/MWh],System carbon intensity per multi-energy demand [tCO2/MWh],Carbon allowance gap [tCO2/year],Green-direct target electricity [MWh/year],Park-internal green-direct cost [million CNY/year],VPP aggregated green-direct cost [million CNY/year],Remote green-base direct cost [million CNY/year],Best green-direct mode index,Best green-direct annual cost [million CNY/year],Green-direct saving vs worst option [%],P2X candidate green electricity [MWh/year],Green hydrogen production potential [tH2/year],Industrial process heat substitution by H2 [MWh/year],CO2 reduction potential from P2X [tCO2/year],Post-P2X residual CO2 [tCO2/year],Carbon allowance gap after P2X [tCO2/year],P2X screening annual cost [million CNY/year],Peak grid import [MW],Peak grid export [MW],Grid peak-valley difference [MW],Grid weighted standard deviation [MW],Maximum grid ramp [MW/step],Annual battery throughput [MWh/year],Battery equivalent cycles [cycles/year],Annual thermal-storage throughput [MWh/year],Thermal-storage equivalent cycles [cycles/year],Annual flexible-load shifting [MWh/year],Battery simultaneous overlap [MWh/year],Thermal-storage simultaneous overlap [MWh/year],Grid import-export overlap [MWh/year],Flexible-load in-out overlap [MWh/year],PV capacity [MW],WT capacity [MW],CHP capacity [MW],Heat pump capacity [MW],Electric chiller capacity [MW],Gas boiler capacity [MW],Battery energy capacity [MWh],Battery power capacity [MW],Thermal storage energy capacity [MWh],Thermal storage power capacity [MW],Capacity upper bounds >=95% [count],Carbon cap binding,Annual export share of renewable available [%],Max electric balance error,Max heat balance error,Max cooling balance error,Grid import emissions [tCO2/year],CHP gas emissions [tCO2/year],Gas boiler emissions [tCO2/year],Green-direct avoided emissions proxy [tCO2/year],Endogenous P2X avoided emissions [tCO2/year],Accounting net CO2 after green-direct credit [tCO2/year],CO2 reduction vs S0 [tCO2/year],CO2 reduction vs S0 [%],Net-zero proximity [%],Industrial-park heat substituted by H2 [%],Endogenous P2X electricity [MWh/year],Endogenous H2 heat supply [MWh/year],Endogenous green hydrogen production [tH2/year],Electrolyzer capacity [MW],Electrolyzer full-load hours [h/year],Incremental CO2 reduction [tCO2/year],Incremental cost change [million CNY/year],Incremental MAC [CNY/tCO2],Average abatement cost vs S0 [CNY/tCO2]
Planning,S0,S0 县域基准系统,True,Optimization solved successfully.,14905236.78980616,116.26084696048804,3715043.9215985984,28.977342588469067,7510228.501215352,58.57978230947975,26130509.21262011,203.81797185843686,1283432.2254953785,10.010771358863952,27413941.43811549,213.8287432173008,28520.71612211952,78.13894827977951,1000000000000.0,999999999921.8611,94.52972806437127,5.470271935628736,95.8248598214278,90.58297940726065,3.946748657110605,504124.6960366894,456651.16959782975,19896.534670990957,27576.99176786869,0.0,100.0,100.0,100.0,100.0,0.0,0.0,22246.51372940983,19896.534670990957,8294.223384691984,1.994274235367669,2.0565533433457053,-0.0,182881.59970976447,83220.96591969942,37.94176711376694,45.345507092764926,249.6977117011997,0.05496939904778053,0.037213879696063316,,0.0,0.0,0.0,0.0,0.0,0.0,0.0,0.0,0.0,0.0,0.0,28520.71612211952,,0.0,30.043749414719837,5.0,35.04374941471984,6.629677676410124,6.065953439165149,0.0,0.0,0.0,0.0,0.0,0.0,0.0,0.0,0.0,34.671128388193814,120.24950125040542,16.445490286974145,60.59370910523226,44.66032668015337,-0.0,-0.0,0.0,-0.0,0.0,0.0,0.0,3.946748657110605,2.1316282072803006e-14,7.105427357601002e-15,0.0,12235.582551175408,16285.133570944115,0.0,0.0,0.0,28520.71612211952,0.0,0.0,0.0,0.0,0.0,0.0,0.0,0.0,0.0,0.0,0.0,,
Planning,S1,S1 低碳约束,True,Optimization solved successfully.,15679968.6846076,122.30375573993929,3908141.358240401,30.483502594275127,6670285.267076006,52.02822508319285,26258395.309924006,204.81548341740725,1026745.7803963,8.008617087091139,27285141.090320308,212.8241005044984,22816.572897695554,62.511158623823434,62.51115862382361,1.7763568394002505e-13,92.22519773460522,7.774802265394777,95.21059966454162,87.80816380492688,4.417033929678338,532720.0130237853,467771.6616575532,23530.42372544746,41417.92764078461,0.0,100.0,100.0,100.0,100.0,0.0,0.0,14021.055366445216,23530.42372544746,8294.223384691984,1.994274235367669,2.0565533433457053,-0.0,182881.59970976447,83220.96591969942,37.94176711376694,45.345507092764926,255.7784175116103,0.043975519238224306,0.029771103756850572,,0.0,0.0,0.0,0.0,0.0,0.0,0.0,0.0,0.0,0.0,0.0,22816.572897695554,,0.0,28.45339248354382,5.0,33.45339248354382,5.77367959045006,6.108776010342716,0.0,0.0,0.0,0.0,0.0,0.0,0.0,0.0,0.0,35.980585947094085,127.4674545860852,17.313114260955718,62.309294711475665,44.66032668015337,-0.0,-0.0,0.0,-0.0,0.0,0.0,1.0,4.417033929678338,2.1316282072803006e-14,7.105427357601002e-15,0.0,7711.580451544869,15104.992446150685,0.0,0.0,0.0,22816.572897695554,5704.143224423966,20.000000000000217,20.000000000000217,0.0,0.0,0.0,0.0,0.0,0.0,5704.143224423966,-1.0046427128023936,-176.125085446789,-176.125085446789
Planning,S2,S2 低碳约束+储能,True,Optimization solved successfully.,17444536.642228507,136.06738580938236,4347949.699271957,33.91400765432127,3512547.941709113,27.397873945331078,25305034.283209577,197.3792674090347,520468.80267512955,4.05965666086601,25825503.085884705,201.43892406990068,11565.973392780657,31.687598336385363,62.51115862382361,30.823560287438248,94.88595844265733,5.114041557342663,95.73050080593326,90.83480321166557,4.051155230991757,544519.7839604956,494613.4742091027,22059.341711700632,27846.968039692234,0.0,100.0,100.0,100.0,100.0,0.0,0.0,2960.909950800512,22059.341711700632,8294.223384691984,1.994274235367669,2.0565533433457053,37.08477738332197,182881.59970976447,83220.96591969942,37.94176711376694,45.345507092764926,270.45557070479526,0.022291677532973685,0.015091302075441097,,0.0,0.0,0.0,0.0,0.0,0.0,0.0,0.0,0.0,0.0,0.0,11565.973392780657,,0.0,3.815787381554439,5.0,8.81578738155444,2.9074279287910634,7.5,20349.30436505732,327.76905425561137,20000.491067787305,255.47110032179307,0.0,0.0,0.0,0.0,0.0,34.45542039629363,131.69392211157393,12.671994318817418,57.553388314783795,44.66032668015337,0.0,62.084275805939484,22.499397621631378,78.2886637376774,14.583521434663599,0.0,0.0,4.051155230991757,4.263256414560601e-14,7.105427357601002e-15,0.0,1628.5004729402817,9937.472919840375,0.0,0.0,0.0,11565.973392780657,16954.74272933886,59.44711435975987,59.447114359759865,0.0,0.0,0.0,0.0,0.0,0.0,11250.599504914897,-11.385176434597724,-1011.9617563156556,-730.7583102373179
Planning,S3,S3 低碳约束+柔性负荷,True,Optimization solved successfully.,15423361.961559126,120.30222330016119,3844183.6190816,29.98463222883648,6125075.963822017,47.77559251781174,25392621.544462744,198.0624480468094,917944.6877762339,7.1599685646546245,26310566.23223898,205.222416611464,20398.770839471865,55.88704339581333,62.51115862382361,6.624115228010282,94.16924795822543,5.83075204177456,95.55758093652193,89.98585533499528,4.183392623230138,526196.5266624611,473502.44526025216,22012.866680090607,30681.21472211827,0.0,100.0,100.0,100.0,100.0,0.0,0.0,13447.240039000655,22012.866680090607,8294.223384691984,1.994274235367669,2.0565533433457053,-0.0,182881.59970976447,83220.96591969942,37.94176711376694,45.345507092764926,258.9120206798862,0.03931556871005481,0.02661635145195143,,0.0,0.0,0.0,0.0,0.0,0.0,0.0,0.0,0.0,0.0,0.0,20398.770839471865,,0.0,26.310110547300802,5.0,31.310110547300802,5.511107014838958,6.033149681467982,0.0,0.0,0.0,0.0,8404.314635463641,0.0,0.0,0.0,0.0,34.04705806657219,126.8085756099288,14.76050136189382,62.94792565431822,44.66032668015337,-0.0,-0.0,0.0,-0.0,0.0,0.0,0.0,4.183392623230138,2.1316282072803006e-14,7.105427357601002e-15,0.0,7395.982021450362,13002.788818021501,0.0,0.0,0.0,20398.770839471865,8121.945282647655,28.477353962191017,28.47735396219102,0.0,0.0,0.0,0.0,0.0,0.0,-8832.797446691207,3.7834925415633336,-428.3458965744359,-1059.6385848872928
Planning,S4,S4 低碳源荷储协同,True,Optimization solved successfully.,17004153.0090463,132.63239347056114,4238186.629909387,33.057855713293215,3281845.904878107,25.59839805804923,24524185.543833796,191.2886472419036,460817.96672865085,3.5943801404834765,24985003.510562446,194.88302738238707,10240.399260636686,28.05588838530599,62.51115862382361,34.45527023851762,96.19451558377014,3.8054844162298362,96.08363428452789,92.4271865552829,3.76732902848724,538390.6630765311,497619.3425579701,20282.94773674709,20488.372781813876,0.0,100.0,100.0,100.0,100.0,0.0,0.0,3221.7125156574207,20282.94773674709,8294.223384691984,1.994274235367669,2.0565533433457053,31.49659301232004,182881.59970976447,83220.96591969942,37.94176711376694,45.345507092764926,272.0991851272619,0.01973683237672863,0.013361690656478124,,0.0,0.0,0.0,0.0,0.0,0.0,0.0,0.0,0.0,0.0,0.0,10240.399260636686,,0.0,3.3170653632931617,5.0,8.317065363293162,2.935981538594175,5.0,17501.4248890104,331.9127125139598,20064.914601032884,294.935312938014,8105.519855282844,0.0,0.0,0.0,0.0,33.66006913649667,130.45780180310453,11.657907282120153,57.6360428412782,44.66032668015337,0.0,52.728998405791145,20.53545037942543,68.03157750475911,13.291671995276962,0.0,0.0,3.76732902848724,4.263256414560601e-14,1.4210854715202004e-14,0.0,1771.9418836115813,8468.457377025105,0.0,0.0,0.0,10240.399260636686,18280.316861482832,64.09487329564405,64.09487329564405,0.0,0.0,0.0,0.0,0.0,0.0,10158.371578835178,-10.339389229076943,-1017.8195539350925,-1036.3997505334773
Planning,S5,S5 偏远低空微电网韧性增强,True,Optimization solved successfully.,17004153.0090463,132.63239347056114,4238186.629909387,33.057855713293215,3281845.9048781046,25.598398058049217,24524185.543833796,191.2886472419036,460817.96672864986,3.594380140483469,24985003.510562446,194.88302738238707,10240.399260636666,28.055888385305934,62.51115862382361,34.45527023851768,96.19451558377015,3.8054844162298433,96.0836342845279,92.42718655528292,3.767329028487241,538390.6630765311,497619.34255797014,20282.947736747097,20488.372781813912,0.0,100.0,100.0,100.0,100.0,0.0,0.0,3221.712515657473,20282.947736747097,8294.223384691984,1.994274235367669,2.0565533433457053,31.496593012320044,182881.59970976447,83220.96591969942,37.94176711376694,45.345507092764926,272.09918512726193,0.019736832376728592,0.013361690656478098,,0.0,0.0,0.0,0.0,0.0,0.0,0.0,0.0,0.0,0.0,0.0,10240.399260636666,,0.0,3.3170653632932163,5.0,8.317065363293217,2.9359815385941848,5.0,17501.424889010395,331.91271251395966,20064.914601032884,294.93531293801277,8105.519855282869,0.0,0.0,0.0,0.0,33.66006913649663,130.4578018031046,11.65790728212008,57.636042841278204,44.66032668015337,0.0,52.72899840579115,20.535450379425434,68.0315775047594,13.291671995277056,0.0,0.0,3.767329028487241,7.105427357601002e-14,7.105427357601002e-15,0.0,1771.9418836116106,8468.457377025054,0.0,0.0,0.0,10240.399260636666,18280.316861482854,64.09487329564413,64.09487329564413,0.0,0.0,0.0,0.0,0.0,0.0,2.000888343900442e-11,0.0,,-1036.3997505334762
Planning,S6,S6 县域产业园区净零协同增强,True,Optimization solved successfully.,17004153.009046327,132.63239347056137,4238186.629909393,33.05785571329327,3281845.9048780845,25.59839805804906,24524185.543833803,191.28864724190367,460817.9667286457,3.5943801404834366,24985003.51056245,194.8830273823871,10240.399260636574,28.055888385305682,31.255579311911806,3.1996909266061238,96.19451558377015,3.805484416229852,96.08363428452789,92.4271865552829,3.7673290284872474,538390.6630765315,497619.3425579704,20282.947736747145,20488.372781813974,0.0,100.0,100.0,100.0,100.0,0.0,0.0,3221.7125156573734,20282.947736747145,8294.223384691984,1.994274235367669,2.0565533433457053,31.496593012320396,182881.59970976447,83220.96591969942,37.94176711376694,45.345507092764926,272.09918512726205,0.01973683237672841,0.013361690656477977,,137161.19978232335,45.04143920877204,56.290053965760045,51.902631774328604,1.0,45.04143920877204,19.983307821716213,0.0,0.0,0.0,0.0,10240.399260636574,,0.0,3.317065363293171,5.0,8.317065363293171,2.9359815385941657,5.0,17501.424889010537,331.9127125139587,20064.914601032826,294.93531293801016,8105.519855282886,0.0,0.0,0.0,0.0,33.660069136496595,130.4578018031047,11.657907282120124,57.63604284127818,44.66032668015337,0.0,52.728998405791735,20.535450379425413,68.03157750475981,13.291671995276864,0.0,0.0,3.7673290284872474,1.6342482922482304e-13,7.105427357601002e-15,0.0,1771.9418836115553,8468.457377025017,0.0,75438.65988027785,0.0,0.0,18280.31686148295,64.09487329564446,64.09487329564445,0.0,0.0,0.0,0.0,0.0,0.0,9.276845958083868e-11,2.842170943040401e-14,,-1036.3997505334692
Planning,S7,S7 低空经济—产业园区—绿电直连综合增强,True,Optimization solved successfully.,17004153.009046324,132.63239347056134,4238186.629909392,33.057855713293264,3281845.9048780845,25.59839805804906,24524185.5438338,191.28864724190365,460817.9667286458,3.594380140483437,24985003.510562446,194.88302738238707,10240.399260636572,28.055888385305675,28.130021380720624,0.07413299541494922,96.19451558377015,3.8054844162298505,96.08363428452789,92.4271865552829,3.767329028487246,538390.6630765315,497619.3425579704,20282.947736747137,20488.372781813967,0.0,100.0,100.0,100.0,100.0,0.0,0.0,3221.7125156573875,20282.947736747137,8294.223384691984,1.994274235367669,2.0565533433457053,31.496593012320396,182881.59970976447,83220.96591969942,37.94176711376694,45.345507092764926,272.09918512726205,0.019736832376728408,0.013361690656477975,,146305.2797678116,48.012104787813904,59.99457867782964,55.266516121321686,1.0,48.012104787813904,19.97259444784422,0.0,0.0,0.0,0.0,10240.399260636572,,0.0,3.3170653632931852,5.0,8.317065363293185,2.9359815385941688,5.0,17501.424889010545,331.9127125139588,20064.91460103282,294.93531293801004,8105.519855282885,0.0,0.0,0.0,0.0,33.660069136496595,130.4578018031047,11.657907282120101,57.63604284127821,44.66032668015337,0.0,52.728998405791735,20.53545037942542,68.03157750475981,13.291671995276815,0.0,0.0,3.767329028487246,1.9895196601282805e-13,7.105427357601002e-15,0.0,1771.941883611563,8468.45737702501,0.0,80467.90387229637,0.0,0.0,18280.31686148295,64.09487329564446,64.09487329564446,0.0,0.0,0.0,0.0,0.0,0.0,1.8189894035458565e-12,-2.842170943040401e-14,,-1036.3997505334708
Planning,S8,S8 投稿导向零碳园区深度脱碳,True,Optimization solved successfully.,17310684.276323203,135.023337355321,4314587.772496789,33.653784625474955,3069209.4176445315,23.939833457627344,24694481.466464523,192.61695543842328,425724.7942482551,3.3206533951363895,25120206.26071278,195.9376088335597,9460.550983294559,25.919317762450845,27.34863189792283,1.4293141354719836,97.0697049387259,2.9302950612740712,96.48059839216515,93.65343218239184,3.416272756334063,544872.9843507522,510292.2508791062,18614.34732099911,15966.386150646736,0.0,100.0,100.0,100.0,100.0,0.0,0.0,1395.4932058014115,18614.34732099911,8294.223384691984,1.994274235367669,2.0565533433457053,30.77451364982213,182881.59970976447,83220.96591969942,37.94176711376694,45.345507092764926,279.0287550464053,0.018233791886076395,0.012344143276183403,-39.449016705440954,164593.43973878803,53.953435945897624,67.40362810196882,61.994284815307836,1.0,53.953435945897624,19.954700562592304,14186.810599190478,283.73621198380954,8322.096591969928,1849.3547982155396,7611.196185079019,-1888.8038149209806,7.377141511579048,1.5703965640330555,5.0,6.5703965640330555,2.5691116592526546,5.0,16981.621072574708,329.611233395564,17885.554361352944,334.90891162437873,8423.35296150831,0.0,0.0,0.0,0.0,32.514771783278356,132.96540742952084,13.129458758266443,55.74404808623621,44.66032668015337,0.0,51.520152689077776,20.289945992301433,53.40423542211594,11.19132636964446,0.0,0.0,3.416272756334063,4.263256414560601e-14,7.105427357601002e-15,0.0,767.5212631907763,8693.029720103781,0.0,90526.39185633343,1849.35479821554,0.0,19060.16513882496,66.82919551253015,66.82919551253015,9.999999999999984,14186.810599190478,8322.096591969928,283.73621198380954,3.041506694539966,4664.402226915454,779.8482773420128,1.0545814511726235,1352.2905439593897,-938.6662840238158
