Diagnostic,Value
Maximum electric balance error,2.1316282072803006e-14
Maximum heat balance error,3.552713678800501e-14
Maximum cooling balance error,0.0
Number of capacity upper bounds >=95%,0.0
Strict storage exclusivity enabled,0.0
MILP used,0.0
Carbon cap binding,1.0
Annual export share of renewable available [%],4.07668807589319
Storage rule-constrained mode,0.0
Grid import-export overlap [MWh/year],-1.2090328738167955e-11
Flexible-load in-out overlap [MWh/year],0.0
Renewable export attribution enforced,1.0
Unmet load hard-fixed to zero,0.0
Annual EENS limit enabled,1.0
Critical-load protection enabled,1.0
Minimum local renewable share target [%],
Minimum renewable utilization target [%],
Maximum grid-import share target [%],
Low-altitude local renewable share target [%],
Remote low-altitude microgrid screening enabled,0.0
Low-altitude autonomy target [h],0.0
Industrial-park green-electricity target [%],
Carbon allowance [tCO2/year],
Green-direct target share [%],0.0
Best green-direct mode index,0.0
Endogenous P2X enabled,0.0
P2X heat substitution target [%],0.0
Max electrolyzer capacity [MW],0.0
Electrolyzer capacity [MW],0.0
