day_id,day_type,day_name,day_weight,hour,dt,electric_load,heat_load,cooling_load,P_grid_buy,P_grid_sell,P_grid_net,P_PV,P_WT,P_PV_curt,P_WT_curt,G_CHP,P_CHP,H_CHP,P_HP,H_HP,P_EC,C_EC_out,G_GB,H_GB,P_ELZ,H_H2,P_BAT_ch,P_BAT_dis,SOC_BAT,H_TS_ch,H_TS_dis,SOC_TS,P_shift_in,P_shift_out,P_interrupt,P_unmet_e,H_unmet,C_unmet,residential_load,commercial_load,industrial_load,cold_storage_load,agro_processing_load,irrigation_load,electricity_buy_price,electricity_sell_price,gas_price,carbon_price,pv_cf,wt_cf,grid_import_availability,critical_electric_load,critical_heat_load,critical_cooling_load,low_altitude_agri_uav_load,low_altitude_patrol_uav_load,low_altitude_emergency_load,low_altitude_forest_fire_load,low_altitude_remote_comm_load,low_altitude_electric_load,low_altitude_critical_load,industrial_park_process_electric_load,industrial_park_flexible_electric_load,industrial_park_critical_electric_load,industrial_park_process_heat_load,electric_load_adjusted,renewable_available,renewable_used,renewable_curtailment,co2_emission_rate,co2_emission,co2_emission_annual,battery_simultaneous_overlap,thermal_storage_simultaneous_overlap,grid_import_export_overlap,flexible_load_overlap,electric_balance_error,heat_balance_error,cooling_balance_error,P_grid_net_ramp,P_CHP_ramp,H_HP_ramp,C_EC_out_ramp,H_GB_ramp
0,spring_irrigation,春季灌溉日,1.0,0.0,1.0,32.66340050469865,22.055226141345223,5.771579148116132,0.0,0.0,0.0,0.0,58.14305873865609,0.0,0.0,0.0,0.0,0.0,9.464451239979415,30.286243967934126,1.9238597160387105,5.771579148116132,0.0,0.0,0.0,0.0,14.091347277939313,0.0,36.29452633980774,8.231017826588907,0.0,25.4105949087678,0.0,0.0,0.0,0.0,0.0,0.0,9.800225850143258,5.233196364276454,10.568973117559912,4.503062487565456,1.7288659394611219,0.0,52.0,7.8,41.0,45.0,0.0,0.43938197343675595,1.0,22.170944086940324,16.541419606008915,2.5972106166522595,0.3500000000864639,0.18000007778333918,0.10000721175353074,0.0,0.1846446609406726,0.8148341605958511,0.5139189729504164,16.80090154458649,2.4591785285504186,13.361216247415033,6.846904187684901,32.66340050469865,58.14305873865609,58.14305873865609,0.0,0.0,0.0,0.0,0.0,0.0,0.0,0.0,0.0,-3.552713678800501e-15,0.0,0.0,0.0,-2.1316282072803006e-14,-0.37501941824652096,0.0
0,spring_irrigation,春季灌溉日,1.0,1.0,1.0,32.84142884589362,22.543251112507527,5.743119839276065,0.0,0.0,0.0,0.0,47.01627817224657,0.0,20.902338471167,0.0,0.0,0.0,7.044765972658601,22.543251112507523,1.9143732797586883,5.743119839276065,0.0,0.0,0.0,0.0,5.215710073935671,0.0,41.242192004778666,0.0,0.0,25.359773718950255,0.0,0.0,0.0,0.0,0.0,0.0,9.83585145641362,5.248996543118046,10.633187483064974,4.5071204969234175,1.7337120290608987,0.0,52.0,7.8,41.0,45.0,0.0,0.5132550034564508,1.0,22.282188119796846,16.907438334380643,2.584403927674229,0.35000004708585053,0.1800023830810334,0.10003057420178106,0.0,0.17669872981077805,0.8182007208079823,0.5063929947386131,16.874020009049293,2.4686808338074098,13.418282525068667,6.984748116486943,32.84142884589362,67.91861664341357,47.01627817224657,20.902338471167,0.0,0.0,0.0,0.0,0.0,0.0,0.0,0.0,-3.552713678800501e-15,0.0,0.0,0.0,-7.742992855426603,-0.028459308840067088,0.0
0,spring_irrigation,春季灌溉日,1.0,2.0,1.0,33.144575605972705,23.25839486973957,5.760212024119746,0.0,0.0,0.0,0.0,43.29273116493957,0.0,28.91850940214313,0.0,0.0,0.0,8.228084884260284,26.32987162963291,1.920070674706582,5.760212024119746,0.0,0.0,0.0,0.0,0.0,0.0,41.23394356637772,3.07147675989334,0.0,28.226957093411027,0.0,0.0,0.0,0.0,0.0,0.0,9.95023332540903,5.288718411888175,10.740021304450194,4.515552595153539,1.743443365666653,0.0,52.0,7.8,41.0,45.0,0.0,0.5456939843377508,1.0,22.50291629045018,17.443796152304678,2.592095410853886,0.35000943302909054,0.1800468135167239,0.10011598836770236,0.0,0.17170370868554657,0.7899325079637567,0.5017589838040898,16.999017265270385,2.4851595641083235,13.515871072583185,7.187414576959361,33.144575605972705,72.2112405670827,43.29273116493957,28.91850940214313,0.0,0.0,0.0,0.0,0.0,0.0,0.0,0.0,0.0,0.0,0.0,0.0,3.7866205171253853,0.01709218484368158,0.0
0,spring_irrigation,春季灌溉日,1.0,3.0,1.0,33.91322636383167,24.447890813007536,5.8201503777594965,0.0,0.0,0.0,0.0,44.081361374011784,0.0,27.025846934987435,0.0,0.0,0.0,8.228084884260284,26.32987162963291,1.9400501259198322,5.8201503777594965,0.0,0.0,0.0,0.0,0.0,0.0,41.225696777664446,1.8819808166253722,0.0,29.958384955018307,0.0,0.0,0.0,0.0,0.0,0.0,10.190236906415008,5.378451444172439,10.90376344154715,4.531911853237057,1.7616790123664805,0.0,52.0,7.8,41.0,45.0,0.0,0.5373509098105753,1.0,23.03809673709331,18.335918109755653,2.6190676699917734,0.35069521229793643,0.18058963595055189,0.10039374840127292,0.0,0.16999999999999998,0.7704524019750535,0.5010104430308097,17.19735430715069,2.5117651292889542,13.670788567094512,7.5250645981270425,33.91322636383167,71.10720830899922,44.081361374011784,27.025846934987435,0.0,0.0,0.0,0.0,0.0,0.0,0.0,0.0,0.0,0.0,0.0,0.0,0.0,0.0599383536397502,0.0
0,spring_irrigation,春季灌溉日,1.0,4.0,1.0,34.92605152063526,26.329871629632912,5.901322492763261,0.0,0.0,0.0,0.0,48.96310956975318,0.0,17.763434953707353,0.0,0.0,0.0,8.228084884260284,26.32987162963291,1.9671074975877536,5.901322492763261,0.0,0.0,0.0,0.0,0.0,0.0,41.217451638308916,0.0,0.0,29.89846818510827,3.8418656672698788,0.0,0.0,0.0,0.0,0.0,10.687885732733138,5.560173602099747,11.134264504430655,4.56151170707277,1.793525416576284,0.0,52.0,7.8,41.0,45.0,0.0,0.504246619447997,1.0,23.712017596258363,19.747403722224682,2.6555951217434672,0.36884904000715174,0.18476186274073983,0.10119610203089346,0.0,0.17170370868554657,0.8092984129025174,0.5126254830000944,17.48930162807971,2.5517594394515597,13.89896468147342,8.060119567846769,38.76791718790514,66.72654452346053,48.96310956975318,17.763434953707353,0.0,0.0,0.0,0.0,0.0,0.0,0.0,0.0,-3.552713678800501e-15,0.0,0.0,0.0,0.0,0.08117211500376431,0.0
0,spring_irrigation,春季灌溉日,1.0,5.0,1.0,36.741018651417434,28.745278760183,5.983914612589233,0.0,0.0,0.0,0.0,47.71855646817104,0.0,12.986620689797483,0.0,0.0,0.0,8.982899612557187,28.745278760183,1.994638204196411,5.983914612589233,0.0,0.0,0.0,0.0,0.0,0.0,41.20920814798126,0.0,0.0,29.838671248738056,0.0,0.0,0.0,0.0,0.0,0.0,11.611671817017225,5.889003849058259,11.431144739656018,4.611383312205518,1.8452658514823517,0.0,52.0,7.8,41.0,45.0,0.0,0.458743676650827,1.0,24.90127712998821,21.558959070137252,2.692761575665155,0.538003764129434,0.20465755566972235,0.10325134241556064,0.0,0.17669872981077805,0.9925987660058803,0.5923516079083512,17.88779390334389,2.607744852281833,14.210673958495732,8.749736571094505,36.741018651417434,60.70517715796852,47.71855646817104,12.986620689797483,0.0,0.0,0.0,0.0,0.0,0.0,0.0,7.105427357601002e-15,0.0,0.0,0.0,0.0,2.4154071305500935,0.08259211982597225,0.0
0,spring_irrigation,春季灌溉日,1.0,6.0,1.0,39.43401666807558,30.709675213604733,6.104344019236079,0.0,0.0,0.0,0.0,51.362738355144664,0.04001062044155101,7.17737633496413,0.0,0.0,0.0,9.011703519514827,28.83745126244745,2.0347813397453596,6.104344019236079,0.0,0.0,0.0,0.0,0.0,0.0,41.20096630635167,0.0,1.8722239511572845,27.808231852390808,0.8822368278088999,0.0,0.0,0.0,0.0,0.0,12.874488228218155,6.41816390702862,11.779352908350564,4.6894693965312575,1.9232848674778156,0.0,52.0,7.8,41.0,45.0,0.0011060989834273775,0.44238249028775734,1.0,26.57903558283037,23.03225641020355,2.7469548086562354,1.0398415852200065,0.2618659705891781,0.10790864805221334,0.0,0.1846446609406726,1.5527598482957097,0.8197809453800579,18.392107172359637,2.680749511222813,14.605604054114348,9.320057887677834,40.31625349588448,58.58012531055034,51.362738355144664,7.217386955405681,0.0,0.0,0.0,0.0,0.0,0.0,0.0,0.0,0.0,0.0,0.0,0.0,0.09217250226444662,0.12042940664684565,0.0
0,spring_irrigation,春季灌溉日,1.0,7.0,1.0,50.69385192655573,31.474244758600577,6.365695717428242,0.0,0.0,0.0,3.82487219264533,60.239601326735865,-8.881784197001252e-16,0.0,0.0,0.0,0.0,9.011703519514827,28.83745126244745,2.1218985724760806,6.365695717428242,0.0,0.0,0.0,0.0,0.0,0.0,41.1927261130904,0.0,2.6367934961531283,24.97704328747221,2.2370195008345455,0.0,0.0,0.0,0.0,0.0,13.893374905863718,7.170060210492144,12.149262642904743,4.802771233561842,2.0321096105102945,8.5,88.0,13.2,41.0,45.0,0.10573910620068956,0.45522536110380785,1.0,34.15381074936695,23.605683568950433,2.8645630728427087,1.2811887396414174,0.35427584207169344,0.11721420006985696,0.0,0.195,1.9193536604095702,0.9871519283875527,18.98414348697688,2.769474453501965,15.069927041896296,9.562789960984965,52.93087142739027,64.0644735193812,64.0644735193812,-8.881784197001252e-16,0.0,0.0,0.0,0.0,0.0,0.0,0.0,1.4210854715202004e-14,0.0,0.0,0.0,0.0,0.0,0.2613516981921631,0.0
0,spring_irrigation,春季灌溉日,1.0,8.0,1.0,52.1476358027415,30.250734853097093,6.944590027368503,0.0,0.0,0.0,0.9001830380922371,62.574019626620256,9.409974101654923,0.0,0.0,0.0,0.0,9.011703519514827,28.83745126244745,2.3148633424561678,6.944590027368503,0.0,0.0,0.0,0.0,0.0,0.0,41.18448756786779,0.0,1.4132835906496446,23.439422263371323,0.0,0.0,0.0,0.0,0.0,0.0,14.032475082815562,8.102855139861996,12.503325061083856,4.95451345430169,2.1718418466392184,8.5,90.64,13.596,41.0,45.0,0.28502568081668,0.47286635457201265,1.0,35.287394725380686,22.688051139822818,3.1250655123158264,0.812414643161973,0.4178774111665697,0.13352868346558616,0.0,0.20705904774487396,1.5687335939463067,0.8937412233999471,19.629680362024764,2.870016635364995,15.5772012479251,9.257498367606381,52.1476358027415,72.88417676636742,63.47420266471249,9.409974101654923,0.0,0.0,0.0,0.0,0.0,0.0,0.0,0.0,0.0,0.0,0.0,0.0,0.0,0.578894309940261,0.0
0,spring_irrigation,春季灌溉日,1.0,9.0,1.0,52.69427937780092,27.98520037297533,7.731595171976355,0.0,0.0,0.0,6.292153200324492,57.724699684689995,11.616897611852291,0.0,0.0,0.0,0.0,8.74537511655479,27.985200372975328,2.577198390658785,7.731595171976355,0.0,0.0,0.0,0.0,0.0,0.0,41.17625067035422,0.0,0.0,23.392543418844582,0.0,0.0,0.0,0.0,0.0,0.0,13.36097555473296,9.094155795212528,12.807913992790407,5.14096670648026,2.3357603896906465,8.5,90.64,13.596,41.0,45.0,0.4950981184217319,0.4362204709165154,1.0,35.78690908458294,20.9889002797315,3.47921782738936,0.43447553658645727,0.38819956323346444,0.15843744412450295,0.0,0.22,1.2067657707388684,0.7753998317807377,20.284641088961315,2.976190972033238,16.09315176252681,8.667570311095831,52.69427937780092,75.63375049686678,64.01685288501449,11.616897611852291,0.0,0.0,0.0,0.0,0.0,0.0,0.0,-7.105427357601002e-15,-3.552713678800501e-15,0.0,0.0,0.0,-0.8522508894721206,0.7870051446078525,0.0
0,spring_irrigation,春季灌溉日,1.0,10.0,1.0,52.88312934173186,25.400801277483623,8.92914295267061,0.0,0.0,0.0,16.737706405694368,52.87669854706516,8.112445216407473,0.0,0.0,0.0,0.0,7.93775039921363,25.400801277483616,2.9763809842235367,8.92914295267061,0.0,0.0,0.0,0.0,0.0,0.0,41.16801542022016,0.0,0.0,23.34575833200689,5.8171442275905045,0.0,0.0,0.0,0.0,0.0,12.541965635788236,9.965301861921935,13.044843247787504,5.349142923597687,2.5092318638689,8.5,90.64,13.596,41.0,45.0,0.6869857838714765,0.39958455334898924,1.0,35.94707546763134,19.050600958112717,4.018114328701775,0.3556772217697184,0.2969797587686923,0.1911404109966581,0.0,0.23294095225512604,1.0869788500634965,0.7256931332968481,20.903218035254092,3.080257926033242,16.581887589553872,7.991817527079632,58.70027356932236,77.726850169167,69.61440495275953,8.112445216407473,0.0,0.0,0.0,0.0,0.0,0.0,0.0,0.0,-7.105427357601002e-15,0.0,0.0,0.0,-2.5843990954917118,1.1975477806942543,0.0
0,spring_irrigation,春季灌溉日,1.0,11.0,1.0,53.44043068165294,23.392859463012385,10.366885721305167,0.0,0.0,0.0,20.85799106827571,43.97581858635925,7.541326011451467,0.0,0.0,0.0,0.0,7.93775039921363,25.400801277483616,3.4556285737683887,10.366885721305167,0.0,0.0,0.0,0.0,0.0,0.0,41.15978181713612,2.0079418144712307,0.0,25.20661153909055,0.0,0.0,0.0,0.0,0.0,0.0,12.041697361012574,10.551471760801707,13.2151717944272,5.55677544278461,2.670964196758464,8.5,72.10000000000001,10.815000000000001,41.0,45.0,0.7851029403007249,0.3323213875076898,1.0,36.328243770270554,17.54464459725929,4.665098574587325,0.35014036563891043,0.22314427820839497,0.2271966900143889,0.0,0.245,1.0694503485086637,0.7159771437324451,21.442911433970274,3.173652318319356,17.009755102114074,7.475316240482761,53.44043068165294,72.37513566608644,64.83380965463496,7.541326011451467,0.0,0.0,0.0,0.0,0.0,0.0,0.0,7.105427357601002e-15,0.0,0.0,0.0,0.0,0.0,1.437742768634557,0.0
0,spring_irrigation,春季灌溉日,1.0,12.0,1.0,45.58014150551774,22.191041020325205,11.82968498251917,0.0,0.0,0.0,20.94361123858893,36.51750899364883,9.80623961361849,0.0,0.0,0.0,0.0,7.93775039921363,25.400801277483616,3.94322832750639,11.82968498251917,0.0,0.0,0.0,0.0,0.0,0.0,41.1515498607727,3.209760257158411,0.0,28.205470560312857,0.0,0.0,0.0,0.0,0.0,0.0,11.852345670946532,10.788731421297669,13.33111791738027,5.735495663618433,2.7969178662134566,0.0,72.10000000000001,10.815000000000001,41.0,45.0,0.8500837625814036,0.2759595988705078,1.0,30.98172197904826,16.643280765243905,5.323358242133627,0.3500018425823887,0.19540945508670923,0.2588494424652272,0.0,0.2553553390593274,1.0994317330785295,0.734839333789598,21.86353144721216,3.247445300103911,17.344579109942153,7.175776354698955,45.58014150551774,67.26735984585625,57.46112023223776,9.80623961361849,0.0,0.0,0.0,0.0,0.0,0.0,0.0,7.105427357601002e-15,0.0,0.0,0.0,0.0,0.0,1.4627992612140037,0.0
0,spring_irrigation,春季灌溉日,1.0,13.0,1.0,45.98180533025727,21.63403737877973,13.180182099166984,0.0,0.0,0.0,28.65989552752321,34.71105282133164,3.434606577768477,0.0,0.0,0.0,0.0,7.93775039921363,25.400801277483616,4.393394033055661,13.180182099166984,0.0,0.0,0.0,0.0,0.0,0.0,41.14331955080055,3.7667638987038856,0.0,31.727485322960923,5.057998586328299,0.0,0.0,0.0,0.0,0.0,11.819678560682954,10.761476624226027,13.399725748880876,5.856926528266881,2.8660506289992798,0.0,72.10000000000001,10.815000000000001,41.0,45.0,0.8872568273248906,0.26230836869551133,1.0,31.27543408844452,16.225528034084796,5.931081944625143,0.35003405977431595,0.2029744745328078,0.27751728101390494,0.0,0.26330127018922195,1.1127784541421748,0.7644958126862513,22.122702906147037,3.292745003333585,17.552299351316083,7.041973701539546,51.03980391658557,66.80555492662333,63.37094834885485,3.434606577768477,0.0,0.0,0.0,0.0,0.0,0.0,0.0,-7.105427357601002e-15,0.0,0.0,0.0,0.0,0.0,1.350497116647814,0.0
0,spring_irrigation,春季灌溉日,1.0,14.0,1.0,52.57908667710942,21.37142958481933,14.035437460108769,0.0,0.0,0.0,23.414529339322996,40.52160823641206,3.226564396711499,0.0,0.0,0.0,0.0,6.678571745256041,21.37142958481933,4.678479153369589,14.035437460108769,0.0,0.0,0.0,0.0,0.0,0.0,41.135090886890396,0.0,0.0,31.664030352314995,0.0,0.0,0.0,0.0,0.0,0.0,11.935634434978466,10.661056631885277,13.409356678259373,5.9,2.8660506289992798,6.5,72.10000000000001,10.815000000000001,41.0,45.0,0.736496619488036,0.3062182241525012,1.0,35.76668156019197,16.028572188614497,6.315946857048946,0.3510232810008619,0.2397828442300811,0.27751728101390494,0.0,0.26829629131445343,1.150662572375068,0.7953531689726036,22.175407307258652,3.301653939770966,17.596854661921792,6.971889396969284,52.57908667710942,67.16270197244656,63.93613757573505,3.226564396711499,0.0,0.0,0.0,0.0,0.0,0.0,0.0,0.0,0.0,0.0,0.0,0.0,-4.029371692664284,0.8552553609417846,0.0
0,spring_irrigation,春季灌溉日,1.0,15.0,1.0,52.68068765006756,21.722407275941233,14.328958230417626,0.0,0.0,0.0,18.98143966293471,45.263819671003695,1.7066161009714982,0.0,0.0,0.0,0.0,6.788252273731636,21.722407275941237,4.776319410139209,14.328958230417626,0.0,0.0,0.0,0.0,0.0,0.0,41.12686386871302,0.0,0.0,31.600702291610364,0.0,0.0,0.0,0.0,0.0,0.0,12.400705348465907,10.660052029499035,13.330400209987722,5.856926528266881,2.7969178662134566,6.5,72.10000000000001,10.815000000000001,41.0,45.0,0.571924084080974,0.34205469825254586,1.0,35.836988229836805,16.291805456955924,6.448031203687932,0.3653535614068165,0.301314403630918,0.2588494424652272,0.0,0.27,1.1972613227380458,0.8282583272527329,21.98424460446806,3.269216730853526,17.44844984177363,7.0542733754433185,52.68068765006756,65.95187543490991,64.2452593339384,1.7066161009714982,0.0,0.0,0.0,0.0,0.0,0.0,0.0,0.0,3.552713678800501e-15,0.0,0.0,0.0,0.3509776911219049,0.2935207703088576,0.0
0,spring_irrigation,春季灌溉日,1.0,16.0,1.0,53.63521584416447,22.48674980008788,14.115648495621679,0.0,0.0,0.0,14.110912574549225,48.90607600586197,-3.552713678800501e-15,0.0,0.0,0.0,0.0,7.027109312527464,22.486749800087885,4.705216165207227,14.115648495621679,0.0,0.0,0.0,0.0,0.0,0.0,41.11863849593929,0.0,0.0,31.537500887027143,0.0,2.3505527414879737,0.0,0.0,0.0,0.0,13.51613169168137,10.779197843407024,13.132496851816786,5.735495663618433,2.670964196758464,6.5,135.96,20.394000000000002,41.0,45.0,0.3900980760031535,0.3695789085519358,1.0,36.44897659618711,16.86506235006591,6.352041823029755,0.465034990751121,0.36119136073684854,0.2271966900143889,0.0,0.26829629131445343,1.3204777571839668,0.8749546970403671,21.538956712193684,3.1959009649561945,17.09896803679504,7.235903152530605,51.2846631026765,63.016988580411194,63.016988580411194,-3.552713678800501e-15,0.0,0.0,0.0,0.0,0.0,0.0,0.0,7.105427357601002e-15,7.105427357601002e-15,0.0,0.0,0.0,0.7643425241466488,-0.2133097347959474,0.0
0,spring_irrigation,春季灌溉日,1.0,17.0,1.0,55.298769117815674,23.736536267022824,13.396673122092963,0.0,0.0,0.0,6.6716179580744,50.59608709787454,0.0,0.0,7.57987995649728,2.652957984774048,3.410945980423776,5.145601640680344,16.465925250177104,4.465557707364321,13.396673122092963,0.0,0.0,0.0,0.0,0.0,1.0969888679070192,39.955689644127446,0.0,3.8596650364219443,27.411620583756303,0.0,3.892276557230331,0.0,0.0,0.0,0.0,15.368992521990018,10.853052514428446,12.807931543768166,5.55677544278461,2.5092318638689,6.5,135.96,20.394000000000002,41.0,45.0,0.18443777576561532,0.38235017351197487,1.0,37.47142002096654,17.802402200267117,6.028502904941834,0.780385274150886,0.3787692427280859,0.1911404109966581,0.0,0.26330127018922195,1.6061453993931472,0.9604358924392233,20.873938850421677,3.0892023750045676,16.575660426919544,7.542433925685563,51.40649256058534,57.26770505594894,57.26770505594894,0.0,1.515975991299456,1.515975991299456,1.515975991299456,0.0,0.0,0.0,0.0,0.0,0.0,0.0,0.0,2.652957984774048,-6.020824549910781,-0.7189753735287159,0.0
0,spring_irrigation,春季灌溉日,1.0,18.0,1.0,56.79100133316668,24.933817122058237,12.490417131957612,0.0,0.0,0.0,1.0562641583889842,47.17322377309412,2.886579864025407e-15,0.0,7.579879956497273,2.6529579847740457,3.410945980423773,5.145601640680344,16.465925250177104,4.163472377319204,12.490417131957612,0.0,0.0,0.0,0.0,0.0,11.285013238760015,28.068737202240712,0.0,5.05694589145736,22.033696404212627,0.0,3.932616196149061,0.0,0.0,0.0,0.0,17.4501425769116,10.638959926224084,12.385036890093131,5.349142923597687,2.3357603896906465,6.5,132.0,19.8,41.0,45.0,0.02920056472334831,0.3564838968648121,1.0,38.34720759787883,18.70036284154368,5.620687709380926,1.154065548570751,0.34014748071260315,0.15843744412450295,0.0,0.2553553390593274,1.9086481749875355,1.0272074503169988,20.069940203381464,2.9629174387907016,15.942339169143917,7.829837098208438,52.85838513701762,48.229487931483106,48.229487931483106,2.886579864025407e-15,1.5159759912994548,1.5159759912994548,1.5159759912994548,0.0,0.0,0.0,0.0,0.0,0.0,0.0,0.0,-2.220446049250313e-15,0.0,-0.9062559901353513,0.0
0,spring_irrigation,春季灌溉日,1.0,19.0,1.0,49.928236366567326,25.85801119316371,11.15363660046287,0.0,0.0,0.0,0.0,43.5762225783131,0.0,0.0,7.579879956497273,2.6529579847740457,3.410945980423773,5.145601640680344,16.465925250177104,3.7178788668209566,11.15363660046287,0.0,0.0,0.0,0.0,0.0,10.449329687466587,17.0638290469407,0.0,5.981139962562832,15.693692208706484,0.0,2.113206623514891,0.0,0.0,0.0,0.0,18.706608596724895,9.995299302248357,11.921931069490492,5.14096670648026,2.1718418466392184,0.0,132.0,19.8,41.0,45.0,0.0,0.32930167567274915,1.0,33.69731055032545,19.393508394872782,5.0191364702082915,1.1001223671969056,0.27476534528040114,0.13352868346558616,0.0,0.245,1.7414625945214066,0.9303043853342252,19.234739622609972,2.833810941765934,15.284063731355845,8.042452002999319,47.815029743052435,43.5762225783131,43.5762225783131,0.0,1.5159759912994548,1.5159759912994548,1.5159759912994548,0.0,0.0,0.0,0.0,0.0,0.0,0.0,0.0,0.0,0.0,-1.3367805314947425,0.0
0,spring_irrigation,春季灌溉日,1.0,20.0,1.0,47.21890408205123,26.25810354485483,9.579854564741943,0.0,0.0,0.0,0.0,43.91079817366141,0.0,0.0,7.579879956497273,2.6529579847740457,3.410945980423773,5.145601640680344,16.465925250177104,3.193284854913981,9.579854564741943,0.0,0.0,0.0,0.0,0.0,6.956348863149125,9.73794379360592,0.0,6.381232314253953,8.945218177705964,0.0,2.0376855560609615,0.0,0.0,0.0,0.0,18.286845325911493,8.988769722824829,11.484632387796797,4.95451345430169,2.0321096105102945,0.0,132.0,19.8,41.0,45.0,0.0,0.33183003397616573,1.0,31.96147082203783,19.69357765864112,4.310934554133874,0.6994454469311087,0.22118484928684853,0.11721420006985696,0.0,0.23294095225512607,1.2850087343954903,0.726421985631923,18.47125545260878,2.7170324226221845,14.682013752748368,8.114409798795341,45.18121852599027,43.91079817366141,43.91079817366141,0.0,1.5159759912994548,1.5159759912994548,1.5159759912994548,0.0,0.0,0.0,0.0,-1.4210854715202004e-14,0.0,0.0,0.0,0.0,0.0,-1.5737820357209262,0.0
0,spring_irrigation,春季灌溉日,1.0,21.0,1.0,43.09409340789273,25.970488134979952,8.111657568458371,0.0,0.0,0.0,0.0,50.41422750514227,0.0,0.0,-0.0,0.0,0.0,6.5120434751071485,20.838539120342876,2.7038858561527905,8.111657568458371,0.0,0.0,0.0,0.0,0.0,0.0,9.735996204847199,0.0,5.131949014637076,3.525276146995658,0.0,1.895795234010396,0.0,0.0,0.0,0.0,16.318516340837903,7.850903958749104,11.123375447485845,4.802771233561842,1.9232848674778156,0.0,132.0,19.8,41.0,45.0,0.0,0.3809758765885489,1.0,29.2474181529301,19.477866101234966,3.6502459058062673,0.43128927810765755,0.19314570572330614,0.10790864805221334,0.0,0.22,0.9541711603352143,0.5922710245909865,17.8494315485255,2.6224265465845527,14.191381214486169,8.002149652625342,41.198298173882336,50.41422750514227,50.41422750514227,0.0,0.0,0.0,0.0,0.0,0.0,0.0,0.0,0.0,0.0,0.0,0.0,-2.6529579847740457,4.372613870165772,-1.468196996283572,0.0
0,spring_irrigation,春季灌溉日,1.0,22.0,1.0,39.087962209722036,25.17473141340352,6.898535524836576,0.0,0.0,0.0,0.0,52.032172176913484,0.0,3.684443902332113,0.0,0.0,0.0,10.644698125579252,34.06303400185361,2.299511841612192,6.898535524836576,0.0,0.0,0.0,0.0,0.0,0.0,9.734049005606224,8.888302588450088,0.0,11.962113053729299,0.0,0.0,0.0,0.0,0.0,0.0,13.801949343766792,6.83426048875156,10.859873471001105,4.6894693965312575,1.8452658514823517,0.0,62.0,9.299999999999999,41.0,45.0,0.0,0.4210455599894514,1.0,26.5418309863058,18.88104856005264,3.1043409861764593,0.3594426470575059,0.18308168911423775,0.10325134241556064,0.0,0.20705904774487396,0.8552613657160506,0.5435944123817283,17.394608719014716,2.553247795221876,13.832236401465037,7.75623020074231,39.087962209722036,55.7166160792456,52.032172176913484,3.684443902332113,0.0,0.0,0.0,0.0,0.0,0.0,0.0,0.0,0.0,0.0,0.0,0.0,13.224494881510733,-1.2131220436217953,0.0
0,spring_irrigation,春季灌溉日,1.0,23.0,1.0,35.93777589256418,24.298673539137884,6.146598566362653,0.0,0.0,0.0,0.0,59.71088425757222,0.0,0.0,0.0,0.0,0.0,9.46445123997942,30.286243967934148,2.048866188787551,6.146598566362653,0.0,0.0,0.0,0.0,13.873922837619578,0.0,22.9123288915437,5.987570428796264,0.0,17.62638073497829,0.0,1.6141319013785118,0.0,0.0,0.0,0.0,11.74984496085514,6.08829964275534,10.689111891213214,4.611383312205518,1.793525416576284,0.0,62.0,9.299999999999999,41.0,45.0,0.0,0.45122989278345316,1.0,24.397372020816448,18.224005154353414,2.7659693548631936,0.3505477228474833,0.18053058166192898,0.10119610203089346,0.0,0.195,0.8319193942867211,0.5253896019877735,17.094020619995018,2.507318014789361,13.594635223577978,7.495373830918781,34.32364399118567,59.71088425757222,59.71088425757222,0.0,0.0,0.0,0.0,0.0,0.0,0.0,0.0,7.105427357601002e-15,0.0,0.0,0.0,0.0,-3.776790033919461,-0.7519369584739231,0.0
