来源,去向,电量/兆瓦时,类型
本地光伏直供,灌溉与水泵,200.18766892166576,负荷供能
本地光伏直供,粮食烘干与加工,1211.517300919766,负荷供能
本地光伏直供,仓储与冷链,880.1786873833554,负荷供能
本地光伏直供,公共与辅助,433.11485304235794,负荷供能
直连绿电直供,灌溉与水泵,142.24725977497155,负荷供能
直连绿电直供,粮食烘干与加工,1195.0373669490052,负荷供能
直连绿电直供,仓储与冷链,1651.3759280828672,负荷供能
直连绿电直供,公共与辅助,531.1981770798203,负荷供能
储能放电（光伏来源）,灌溉与水泵,2.768011910634711,负荷供能
储能放电（光伏来源）,粮食烘干与加工,5.916168910291138,负荷供能
储能放电（光伏来源）,仓储与冷链,8.611763375391288,负荷供能
储能放电（光伏来源）,公共与辅助,4.15321075639486,负荷供能
储能放电（直连来源）,灌溉与水泵,26.419755654350716,负荷供能
储能放电（直连来源）,粮食烘干与加工,112.06255123616272,负荷供能
储能放电（直连来源）,仓储与冷链,175.52578443283008,负荷供能
储能放电（直连来源）,公共与辅助,65.57634082212445,负荷供能
储能放电（普通电来源）,粮食烘干与加工,0.07944999296509152,负荷供能
储能放电（普通电来源）,仓储与冷链,0.06658903972467213,负荷供能
储能放电（普通电来源）,公共与辅助,0.04396096731023635,负荷供能
公共电网当期购电,灌溉与水泵,150.306300353197,负荷供能
公共电网当期购电,粮食烘干与加工,1301.21716199181,负荷供能
公共电网当期购电,仓储与冷链,572.1179542894345,负荷供能
公共电网当期购电,公共与辅助,232.6334573319923,负荷供能
园区本地光伏,电储能,23.766615990251687,储能充电
直连绿电,电储能,420.83557180202297,储能充电
园区本地光伏,公共电网外送,39.76066806121206,外送
直连绿电,公共电网外送,290.43643578913236,外送
园区本地光伏,弃光,26.43170118566302,弃电
直连绿电,弃电,57.85887715323324,弃电
外部绿电基地,直连线路损耗,155.55920889335425,线路损耗
电储能,充电损耗,22.230109389613755,储能损耗
电储能,放电损耗,21.117030899904186,储能损耗
