Technology,Capacity,Unit,Model key,Upper bound,Upper-bound utilization [%],Upper bound binding
PV,36.1727305069691,MW,C_PV,220.0,16.4421502304405,False
WT,132.32918566019669,MW,C_WT,220.0,60.14962984554395,False
CHP,11.662547755591389,MW,C_CHP,100.0,11.662547755591389,False
Heat pump,57.70149564282048,MW,C_HP,150.0,38.467663761880324,False
Electric chiller,44.557389627446206,MW,C_EC,120.0,37.131158022871844,False
Gas boiler,0.0,MW,C_GB,150.0,0.0,False
Battery energy,45.8246577830874,MWh,C_BAT_E,300.0,15.274885927695802,False
Battery power,14.36526842063216,MW,C_BAT_P,120.0,11.971057017193466,False
Thermal storage energy,35.25276146995658,MWh,C_TS_E,300.0,11.750920489985527,False
Thermal storage power,8.888302588450088,MW,C_TS_P,120.0,7.4069188237084065,False
Electrolyzer,0.0,MW,C_ELZ,0.0,0.0,False
